timestamp,pm1,pm2_5,pm10,bin0,bin1,bin2,bin3,bin4,bin5,bin6,bin7,bin8,bin9,bin10,bin11,bin12,bin13,bin14,bin15,temperature,humidity,battery,no2_ae,no2_we,ox_ae,ox_we,gpsLatitude,gpsLongitude
2020-08-09 23:10:11,3.514094114303589,6.945623874664307,16.43742561340332,4584,243,86,21,32,33,6,3,8,0,1,0,0,0,0,0,26.3,54.4,7.96,0,0,0,0,51.5018196105957,-0.1748131662607193
2020-08-09 23:14:11,3.763867139816284,7.746891021728516,30.79425811767578,4298,255,103,37,40,27,10,5,3,2,5,0,0,1,0,0,26.2,54.6,7.87,4768,4845,6534,6966,51.50185012817383,-0.17484332621097565
2020-08-09 23:24:12,4.084321022033691,9.242015838623047,22.129629135131836,4669,296,99,35,43,41,15,7,3,3,1,0,0,0,0,0,26.1,54.8,7.86,4766,4811,6530,6972,51.50175094604492,-0.1747591644525528
2020-08-09 23:25:22.876000,3.6495227813720703,7.470044136047363,16.13797378540039,4573,265,79,31,52,31,11,1,3,2,1,0,0,0,0,0,26.4,54.2,7.96,0,0,0,0,0,0
2020-08-09 23:30:12,3.753648519515991,7.470073223114014,23.158798217773438,4626,285,101,40,35,36,6,4,4,1,3,1,0,0,0,0,26.2,54.7,7.95,0,0,0,0,51.50186538696289,-0.1748056709766388
2020-08-09 23:34:12,4.255514621734619,9.345052719116211,27.000995635986328,4641,306,115,48,59,33,17,4,1,3,1,1,1,0,0,0,25.9,55.7,7.86,4764,4829,6550,6937,51.50171661376953,-0.1748281717300415
2020-08-09 23:38:12,4.015813827514648,9.891083717346191,23.64102554321289,4409,305,96,43,49,44,21,6,3,5,0,0,0,0,0,0,25.9,55.7,7.86,4764,4829,6550,6937,51.50171661376953,-0.1748281717300415
2020-08-09 23:50:13,3.825582265853882,8.021456718444824,18.603376388549805,4495,285,111,36,67,31,10,2,3,1,1,1,0,0,0,0,25.7,56.8,7.94,0,0,0,0,51.5018310546875,-0.17469817399978638
2020-08-09 23:54:13,4.025978088378906,9.717062950134277,23.73821258544922,4548,289,89,36,50,48,15,7,5,2,0,1,0,0,0,0,25.6,57.3,7.86,4765,4864,6535,6976,51.5018310546875,-0.17469432950019836
2020-08-09 23:58:13,3.90498948097229,8.859031677246094,16.780256271362305,4296,254,107,40,56,39,13,5,1,1,1,0,0,0,0,0,25.6,57.3,7.86,4765,4864,6535,6976,51.5018310546875,-0.17469432950019836
2020-08-10 00:02:13,4.286069393157959,9.319645881652832,15.479110717773438,4626,321,126,47,56,34,13,7,3,0,0,0,0,0,0,0,25.7,56.8,7.94,4771,4799,6538,6868,51.5018310546875,-0.17469432950019836
2020-08-10 00:06:13,3.9077746868133545,8.905492782592773,16.975017547607422,4477,268,133,50,60,31,19,4,5,1,0,0,0,0,0,0,67.8,56.6,7.94,4762,4736,6547,6826,51.5018310546875,-0.17469432950019836
2020-08-10 00:10:13,3.9266517162323,8.594647407531738,24.841291427612305,4281,310,116,36,50,27,14,9,2,1,1,1,0,0,1,0,25.6,56.6,7.94,4772,4768,6541,6765,51.5018310546875,-0.17469432950019836
2020-08-10 00:14:13,4.408251762390137,11.0166654586792,34.65475082397461,4607,339,129,45,68,47,22,6,5,2,1,2,1,0,0,0,25.6,57.4,7.85,4773,4828,6539,6938,51.5018310546875,-0.17469432950019836
2020-08-10 00:18:13,3.9601590633392334,8.854711532592773,28.370569229125977,4178,278,146,36,49,43,9,4,5,2,0,2,1,0,0,0,25.6,57.4,7.85,4773,4828,6539,6938,51.5018310546875,-0.17469432950019836
2020-08-10 00:22:13,4.113565921783447,10.781977653503418,32.66666030883789,4596,307,125,44,80,46,27,8,2,1,2,2,1,0,0,0,25.7,57.1,7.93,4775,4700,6539,6851,51.5018310546875,-0.17469432950019836
2020-08-10 00:26:13,4.397543907165527,11.569209098815918,28.16410255432129,4582,302,131,49,69,56,22,6,7,2,0,0,1,0,0,0,25.6,57.2,7.93,4769,4709,6554,6915,51.5018310546875,-0.17469432950019836
2020-08-10 00:30:13,4.406637191772461,10.91042709350586,29.395111083984375,4571,315,137,51,63,56,17,3,7,2,0,1,1,0,0,0,25.5,57.3,7.93,4775,4844,6560,6935,51.5018310546875,-0.17469432950019836
2020-08-10 00:34:13,4.608402729034424,10.434828758239746,23.022293090820312,4781,324,163,53,61,48,14,3,4,3,1,0,0,0,0,0,25.5,58.3,7.85,4771,4835,6552,6943,51.5018310546875,-0.17469432950019836
2020-08-10 00:40:13,4.6708831787109375,11.100160598754883,22.56390953063965,4754,353,156,50,77,46,19,6,2,0,1,1,0,0,0,0,25.5,58.2,7.92,0,0,0,0,51.501827239990234,-0.17478466033935547
2020-08-10 00:44:13,4.488890647888184,11.997599601745605,30.588655471801758,4653,328,136,44,66,69,16,9,7,3,0,0,0,1,0,0,25.2,59.4,7.84,4755,4804,6575,6946,51.50164031982422,-0.1747886687517166
2020-08-10 00:48:13,4.523993015289307,11.30630874633789,27.46458625793457,4655,334,136,53,74,47,24,6,2,1,2,0,1,0,0,0,25.2,59.4,7.84,4755,4804,6575,6946,51.50164031982422,-0.1747886687517166
2020-08-10 00:52:13,4.958636283874512,12.613454818725586,30.855758666992188,4739,353,132,48,89,47,24,7,1,3,3,0,0,0,0,0,25.2,59.2,7.92,4768,4916,6557,7121,51.50164031982422,-0.1747886687517166
2020-08-10 00:56:13,4.433560848236084,10.464449882507324,20.686145782470703,4549,305,137,54,76,51,12,3,2,4,0,0,0,0,0,0,25.2,59,7.92,4770,4861,6545,7207,51.50164031982422,-0.1747886687517166
2020-08-10 01:00:13,4.819543838500977,12.491336822509766,32.779205322265625,4858,360,155,58,70,69,22,4,5,1,3,0,0,1,0,0,25,59.2,7.92,4762,4763,6549,7055,51.50164031982422,-0.1747886687517166
2020-08-10 01:15:14,5.2737321853637695,14.813432693481445,35.58838653564453,5268,408,172,56,78,83,30,10,6,0,4,0,0,0,0,0,24.6,61.7,7.91,0,0,0,0,51.50174331665039,-0.17479416728019714
2020-08-10 01:19:14,4.516356945037842,12.511453628540039,30.293010711669922,4593,325,137,45,74,73,24,5,4,3,1,1,0,0,0,0,24.5,62.1,7.83,4772,4818,6545,6921,51.501739501953125,-0.17482149600982666
2020-08-10 01:23:14,5.044734954833984,13.143428802490234,24.331249237060547,4840,404,160,69,93,65,25,2,5,0,0,1,0,0,0,0,24.5,62.1,7.83,4772,4818,6545,6921,51.501739501953125,-0.17482149600982666
2020-08-10 01:27:14,4.86359977722168,13.013519287109375,37.24353790283203,4829,392,152,66,67,68,24,9,5,3,0,2,1,0,0,0,63.3,61.8,7.9,4766,4846,6552,7094,51.501739501953125,-0.17482149600982666
2020-08-10 01:35:15,5.392895221710205,13.569835662841797,27.875823974609375,4926,382,172,67,86,59,21,6,4,0,1,1,0,0,0,0,24.5,61.6,7.91,0,0,0,0,51.501800537109375,-0.17492400109767914
2020-08-10 01:39:15,5.299674034118652,14.227402687072754,44.444698333740234,4866,402,155,57,82,76,17,9,6,2,2,1,2,0,0,0,24.3,63,7.82,4767,4801,6561,6907,51.50169372558594,-0.17480133473873138
2020-08-10 01:43:15,5.453897476196289,15.289067268371582,30.44675636291504,4838,404,168,66,91,83,21,9,5,3,0,0,0,0,0,0,24.3,63,7.82,4767,4801,6561,6907,51.50169372558594,-0.17480133473873138
2020-08-10 01:47:15,5.070699214935303,14.4315767288208,39.10171127319336,4895,386,167,51,106,73,24,9,8,5,1,1,0,0,0,0,24.4,62.5,7.9,4779,4790,6546,7085,51.50169372558594,-0.17480133473873138
2020-08-10 01:51:15,5.0517072677612305,15.253952026367188,37.4174690246582,4869,357,159,62,101,81,34,9,5,4,1,1,0,0,0,0,24.4,62.4,7.9,4778,4813,6566,7008,51.50169372558594,-0.17480133473873138
2020-08-10 01:55:15,5.163820266723633,14.261576652526855,29.947832107543945,4578,381,132,76,96,74,19,4,8,1,0,0,0,0,0,1,24.3,62.3,7.9,4778,4840,6557,7075,51.50169372558594,-0.17480133473873138
2020-08-10 01:59:15,5.606395721435547,16.241416931152344,35.96762466430664,4950,395,163,63,107,95,29,3,1,1,2,1,0,0,0,1,24.2,63.4,7.8,4769,4824,6558,6929,51.50169372558594,-0.17480133473873138
2020-08-10 02:03:15,5.614711761474609,17.418615341186523,32.87623596191406,4920,406,145,80,100,100,34,7,6,2,0,0,0,0,0,0,24.2,63.4,7.8,4769,4824,6558,6929,51.50169372558594,-0.17480133473873138
2020-08-10 02:07:15,5.4551472663879395,16.862462997436523,35.530311584472656,4589,387,194,68,98,92,33,8,7,2,1,0,0,0,0,0,24.2,63.3,7.9,4775,4767,6573,7049,51.50169372558594,-0.17480133473873138
2020-08-10 02:11:15,4.730857849121094,13.007704734802246,32.11067199707031,4468,339,172,67,82,74,22,3,6,3,1,0,1,0,0,0,24.1,63.2,7.88,4768,4851,6555,7050,51.50169372558594,-0.17480133473873138
2020-08-10 02:15:15,5.292147636413574,14.889471054077148,33.49049377441406,4617,409,167,70,90,70,22,13,5,3,1,0,0,0,0,0,23.9,63.4,7.89,4773,4767,6567,6891,51.50169372558594,-0.17480133473873138
2020-08-10 02:19:15,5.424776077270508,16.866455078125,41.588356018066406,4723,411,168,59,92,100,29,9,7,6,1,0,0,0,0,0,23.9,64.4,7.81,4766,4815,6561,6931,51.50169372558594,-0.17480133473873138
2020-08-10 02:30:15,5.181036949157715,15.069559097290039,37.43483352661133,4814,410,190,73,91,68,41,7,7,1,1,2,0,0,0,0,23.6,65.3,7.89,0,0,0,0,51.50179672241211,-0.17484049499034882
2020-08-10 02:34:15,5.987521648406982,17.777690887451172,41.394859313964844,4712,378,175,91,116,81,33,4,6,2,0,0,2,0,0,0,23.5,65.8,7.8,4773,4797,6560,6896,51.50179672241211,-0.17480383813381195
2020-08-10 02:38:15,5.714382171630859,17.518047332763672,35.70918655395508,4671,441,203,84,102,85,38,11,4,4,0,0,0,0,0,0,23.5,65.8,7.8,4773,4797,6560,6896,51.50179672241211,-0.17480383813381195
2020-08-10 02:42:15,5.668779373168945,18.727169036865234,44.8517951965332,4290,386,162,76,122,100,28,12,5,4,1,1,0,0,0,0,23.6,65.2,7.88,4782,4784,6548,7113,51.50179672241211,-0.17480383813381195
2020-08-10 02:46:15,5.434505939483643,16.784942626953125,36.27763366699219,4519,379,174,77,114,86,35,5,5,3,0,0,0,1,0,0,23.6,65,7.88,4781,4724,6561,6769,51.50179672241211,-0.17480383813381195
2020-08-10 02:50:15,5.612969398498535,17.964244842529297,49.840179443359375,4580,393,181,82,117,105,26,11,8,1,2,2,0,1,0,0,23.4,65.4,7.88,4762,4818,6559,6902,51.50179672241211,-0.17480383813381195
2020-08-10 02:54:15,5.437944412231445,16.3009033203125,28.417144775390625,4431,403,186,81,109,81,33,7,3,0,1,0,0,0,0,0,23.4,65.9,7.79,4767,4831,6570,6909,51.50179672241211,-0.17480383813381195
2020-08-10 02:58:15,5.841433048248291,18.7077579498291,38.5912971496582,4548,437,211,90,122,104,29,10,11,2,0,0,0,0,0,0,23.4,65.9,7.79,4767,4831,6570,6909,51.50179672241211,-0.17480383813381195
2020-08-10 03:02:15,4.704507827758789,13.608152389526367,23.558399200439453,3823,352,189,52,95,68,25,6,2,0,1,0,0,0,0,0,23.4,65.8,7.88,4772,4788,6554,6920,51.50179672241211,-0.17480383813381195
2020-08-10 03:06:15,5.543286323547363,19.05160903930664,36.1646728515625,4127,394,174,70,103,113,39,6,5,1,1,0,0,0,0,0,23.3,65.6,7.87,4772,4732,6561,7010,51.50179672241211,-0.17480383813381195
2020-08-10 03:10:15,5.33968448638916,18.26268768310547,41.79427719116211,4113,400,198,76,108,110,35,11,6,2,0,1,0,0,0,1,57.5,65.7,7.88,4768,4808,6556,7049,51.50179672241211,-0.17480383813381195
2020-08-10 03:14:15,4.677834987640381,13.898005485534668,28.134510040283203,3732,364,189,66,81,70,27,7,5,1,1,0,0,0,0,0,23.1,66.6,7.78,4773,4802,6571,6889,51.50179672241211,-0.17480383813381195
2020-08-10 03:18:15,5.2552361488342285,18.68094253540039,50.09252166748047,4034,370,184,78,122,102,43,10,7,2,1,2,1,0,0,0,23.1,66.6,7.78,4773,4802,6571,6889,51.50179672241211,-0.17480383813381195
2020-08-10 03:25:16,5.403217792510986,17.849346160888672,45.853515625,4163,372,175,97,122,105,32,4,7,2,1,3,0,0,0,0,23,66.3,7.87,0,0,0,0,51.50178146362305,-0.17474199831485748
2020-08-10 03:29:16,5.171904563903809,17.83262825012207,44.7595329284668,3893,416,195,59,129,90,41,9,6,5,1,1,0,0,0,0,22.7,67.6,7.78,4779,4802,6536,6879,51.50181198120117,-0.17472650110721588
2020-08-10 03:33:16,5.604783535003662,19.457521438598633,44.85780334472656,4017,394,170,91,122,91,45,8,7,4,0,1,0,0,0,0,22.7,67.6,7.78,4779,4802,6536,6879,51.50181198120117,-0.17472650110721588
2020-08-10 03:37:16,4.982919216156006,17.768295288085938,44.625701904296875,3713,367,165,82,118,109,31,9,6,6,2,0,0,0,0,0,22.8,67.3,7.86,4769,4805,6568,7079,51.50181198120117,-0.17472650110721588
2020-08-10 03:41:16,5.128425121307373,18.597145080566406,43.39360046386719,3760,391,183,85,121,96,48,10,6,2,0,1,0,0,1,0,22.8,67,7.86,4773,4731,6550,6844,51.50181198120117,-0.17472650110721588
2020-08-10 03:45:16,5.450063705444336,18.94230842590332,34.071529388427734,3858,361,178,81,130,89,43,8,5,1,0,0,0,0,0,0,22.7,67,7.85,4776,4778,6557,6910,51.50181198120117,-0.17472650110721588
2020-08-10 03:49:16,5.599203109741211,20.238056182861328,51.092105865478516,3588,345,216,122,114,110,37,8,11,4,1,1,0,0,0,0,22.7,67.7,7.77,4783,4823,6569,6941,51.50181198120117,-0.17472650110721588
2020-08-10 03:55:16,5.594479560852051,18.53554916381836,41.90424346923828,4189,442,190,96,132,91,39,8,10,0,0,0,1,0,0,1,22.7,67.5,7.85,0,0,0,0,51.50178527832031,-0.17485566437244415
2020-08-10 03:59:16,5.545750141143799,20.125686645507812,50.666568756103516,3882,395,227,97,140,100,46,15,6,3,1,1,1,0,0,0,22.5,68.4,7.77,4783,4826,6556,6886,51.501800537109375,-0.17483900487422943
2020-08-10 04:03:16,5.526632308959961,21.8588809967041,50.833553314208984,3719,403,182,65,143,116,52,6,15,4,0,0,0,0,0,0,22.5,68.4,7.77,4783,4826,6556,6886,51.501800537109375,-0.17483900487422943
2020-08-10 04:07:16,5.308512210845947,21.632144927978516,54.2180290222168,3630,367,207,83,133,146,48,7,10,5,0,0,1,0,0,1,22.6,68,7.85,4781,4784,6544,6800,51.501800537109375,-0.17483900487422943
2020-08-10 04:11:16,5.14314603805542,20.7258358001709,56.670928955078125,3588,350,184,93,129,129,45,11,11,4,3,1,0,0,0,0,22.5,67.8,7.85,4772,4705,6553,6691,51.501800537109375,-0.17483900487422943
2020-08-10 04:15:16,5.401650905609131,19.398611068725586,53.68209457397461,3590,383,204,85,123,92,42,9,11,3,1,0,1,0,1,0,22.4,67.8,7.84,4780,4758,6574,6724,51.501800537109375,-0.17483900487422943
2020-08-10 04:20:16,5.367237091064453,20.213939666748047,48.306861877441406,4132,390,234,82,141,127,51,9,7,7,0,1,0,0,0,0,22.4,68.6,7.84,0,0,0,0,51.50214385986328,-0.1751839965581894
2020-08-10 04:24:16,6.420120716094971,23.58868408203125,54.38642883300781,4170,431,230,104,163,122,54,7,4,3,0,2,0,1,0,0,22.2,69.4,7.75,4779,4791,6543,6826,51.501670837402344,-0.1748175024986267
2020-08-10 04:30:16,5.517180442810059,20.683101654052734,53.8946418762207,3966,436,187,88,141,115,43,14,10,4,2,1,0,0,0,0,22.3,69.2,7.84,0,0,0,0,51.501739501953125,-0.17486366629600525
2020-08-10 04:34:16,5.173762798309326,17.8825740814209,36.63822555541992,3774,361,204,88,122,94,41,8,4,3,1,0,0,0,0,0,22,69.9,7.75,4788,4807,6564,6825,51.501670837402344,-0.17478567361831665
2020-08-10 04:38:16,5.679653167724609,21.334747314453125,54.14238357543945,3978,426,220,93,141,118,52,8,10,5,3,0,0,0,0,0,22,69.9,7.75,4788,4807,6564,6825,51.501670837402344,-0.17478567361831665
2020-08-10 04:42:16,6.194713592529297,25.001968383789062,62.4959716796875,4018,385,237,92,144,148,59,10,7,4,0,1,1,1,0,0,22.1,69.4,7.84,4769,4780,6555,6795,51.501670837402344,-0.17478567361831665
2020-08-10 04:50:17,5.723147869110107,21.70083236694336,45.280677795410156,4008,465,223,83,132,135,48,11,9,2,1,0,0,0,0,0,22,69.3,7.84,0,0,0,0,0,0
2020-08-10 04:54:17,5.947880268096924,23.260765075683594,58.5077018737793,4139,461,220,97,150,128,61,10,12,5,1,0,1,0,0,0,21.7,70.7,7.74,4766,4894,6567,6902,51.50178527832031,-0.17485100030899048
2020-08-10 04:58:17,5.559927940368652,21.166297912597656,43.517173767089844,3815,431,216,74,155,127,46,9,8,0,1,1,0,0,0,0,21.7,70.7,7.74,4766,4894,6567,6902,51.50178527832031,-0.17485100030899048
2020-08-10 05:02:17,6.4463067054748535,24.952795028686523,65.26828002929688,4067,413,226,101,177,152,40,11,6,5,3,1,0,1,0,0,21.8,70.2,7.82,4778,4790,6560,6692,51.50178527832031,-0.17485100030899048
2020-08-10 05:10:17,5.9099812507629395,22.808109283447266,40.32444381713867,4328,446,243,102,176,140,59,14,1,3,0,0,0,0,0,0,21.7,70,7.83,0,0,0,0,51.50153350830078,-0.17505016922950745
2020-08-10 05:14:17,6.07681941986084,26.324752807617188,65.93792724609375,3895,435,218,93,131,151,67,21,9,3,0,1,1,0,0,0,21.5,71.3,7.75,4775,4832,6560,6829,51.501773834228516,-0.17470683157444
2020-08-10 05:18:17,5.689585208892822,24.223154067993164,56.5364990234375,3647,427,222,98,156,149,60,14,7,8,0,0,0,0,0,0,21.5,71.3,7.75,4775,4832,6560,6829,51.501773834228516,-0.17470683157444
2020-08-10 05:22:17,6.046578884124756,25.361085891723633,59.33534622192383,3794,417,213,94,144,160,54,10,13,2,0,2,0,0,0,0,21.6,70.8,7.82,4772,4886,6569,7033,51.501773834228516,-0.17470683157444
2020-08-10 05:30:18,5.9579854011535645,24.349241256713867,52.672733306884766,3479,428,208,111,163,142,48,12,7,4,0,1,0,0,0,0,21.5,70.4,7.82,0,0,0,0,0,0
2020-08-10 05:34:18,6.063864707946777,23.831951141357422,59.562686920166016,3618,429,254,98,152,129,51,9,14,3,0,1,1,0,0,0,21.4,71.5,7.74,4776,4867,6570,6858,51.501705169677734,-0.17479999363422394
2020-08-10 05:40:18,6.117005825042725,25.64396095275879,60.6647834777832,3678,423,235,101,154,143,67,11,5,5,2,1,0,0,0,0,21.6,71,7.82,0,0,0,0,0,0
2020-08-10 05:44:18,5.490264892578125,21.001220703125,48.522926330566406,3583,448,230,99,143,98,63,10,8,1,2,1,0,0,0,0,21.4,71.6,7.73,4783,4866,6559,6840,51.50177001953125,-0.1748735010623932
2020-08-10 05:48:18,6.1092681884765625,25.876266479492188,58.42501449584961,3669,424,235,92,160,149,63,13,5,6,0,0,0,1,0,0,21.4,71.6,7.73,4783,4866,6559,6840,51.50177001953125,-0.1748735010623932
2020-08-10 05:55:18,6.9322686195373535,28.45160484313965,62.46117401123047,3876,469,233,114,165,163,58,9,9,1,1,2,0,0,0,0,21.8,70.4,7.8,0,0,0,0,51.50164794921875,-0.17483432590961456
2020-08-10 05:59:18,5.797258377075195,25.18608856201172,62.13899612426758,3680,438,216,105,175,132,71,16,14,1,4,0,0,0,0,0,21.6,71.3,7.73,4790,4939,6563,6887,51.50168991088867,-0.17484183609485626
2020-08-10 06:03:18,6.464136600494385,27.316139221191406,54.7318115234375,3560,445,213,110,169,128,70,11,11,0,1,0,0,0,0,0,21.6,71.3,7.73,4790,4939,6563,6887,51.50168991088867,-0.17484183609485626
2020-08-10 06:07:18,6.882869243621826,28.585887908935547,78.63522338867188,3743,483,240,122,163,149,63,11,10,9,1,1,0,1,0,0,21.8,70.5,7.8,4775,4847,6578,6741,51.50168991088867,-0.17484183609485626
2020-08-10 06:11:18,6.452453136444092,27.59328842163086,56.04838562011719,3664,450,271,104,169,162,63,15,8,4,0,0,0,0,0,0,21.9,70,7.82,4780,4861,6558,6979,51.50168991088867,-0.17484183609485626
2020-08-10 06:15:18,6.416386127471924,26.51120376586914,52.20383834838867,3695,445,260,106,173,153,58,13,7,2,1,0,0,0,0,0,22,69.9,7.82,4777,4895,6573,6879,51.50168991088867,-0.17484183609485626
2020-08-10 06:19:18,5.9588236808776855,23.092031478881836,49.425567626953125,3568,439,223,118,136,131,52,10,4,1,2,0,1,0,0,0,22.1,69.9,7.75,4784,4915,6565,6897,51.50168991088867,-0.17484183609485626
2020-08-10 06:30:19,5.730582237243652,23.933582305908203,52.029052734375,3269,440,214,97,155,138,53,12,7,2,1,1,0,0,0,0,22.3,69.9,7.84,0,0,0,0,51.501686096191406,-0.17468683421611786
2020-08-10 06:34:19,5.61060905456543,21.695615768432617,47.86044692993164,3622,441,225,96,163,120,39,17,14,0,0,1,0,0,0,0,22.5,69.5,7.78,4789,4874,6555,6875,51.501708984375,-0.1746983379125595
2020-08-10 06:38:19,5.714674472808838,24.154306411743164,58.17727279663086,3143,392,256,98,150,141,49,15,10,2,2,0,0,0,1,0,22.5,69.5,7.78,4789,4874,6555,6875,51.501708984375,-0.1746983379125595
2020-08-10 06:42:19,6.479315757751465,24.976417541503906,48.32191467285156,3416,416,271,117,151,136,41,11,9,2,0,0,0,0,0,0,22.9,68.2,7.84,4789,4882,6568,6842,51.501708984375,-0.1746983379125595
2020-08-10 06:46:19,5.736007213592529,23.7816219329834,63.96049118041992,3360,406,237,125,172,150,45,16,5,4,1,2,1,1,0,0,23.1,67.1,7.84,4782,4839,6558,6818,51.501708984375,-0.1746983379125595
2020-08-10 06:50:19,6.274845123291016,24.331886291503906,53.14561462402344,3675,439,228,119,175,140,36,15,8,3,2,0,0,0,0,0,23.2,66.6,7.84,4790,4893,6572,6923,51.501708984375,-0.1746983379125595
2020-08-10 06:54:19,6.274953365325928,25.55813980102539,62.65957260131836,3513,438,236,122,179,151,39,13,15,4,1,1,0,0,0,0,23.2,66.4,7.76,4786,4839,6563,6804,51.501708984375,-0.1746983379125595
2020-08-10 06:58:19,6.208477973937988,25.775951385498047,65.43302917480469,3716,475,273,125,172,144,62,19,9,5,1,1,0,1,0,0,23.2,66.4,7.76,4786,4839,6563,6804,51.501708984375,-0.1746983379125595
2020-08-10 07:02:19,5.786661624908447,22.889759063720703,56.58392333984375,3598,441,264,95,164,128,55,8,13,3,2,1,0,0,0,0,23.2,66.2,7.84,4788,4805,6552,6844,51.501708984375,-0.1746983379125595
2020-08-10 07:10:19,5.714167594909668,22.646394729614258,53.22399139404297,3476,437,268,103,152,135,49,11,10,6,0,0,0,0,0,0,23.2,66.2,7.86,0,0,0,0,51.501708984375,-0.1748885065317154
2020-08-10 07:14:19,6.0655388832092285,24.086339950561523,47.1751823425293,3548,425,242,115,154,129,49,17,8,0,1,0,0,0,0,0,23.1,66.7,7.79,4780,4839,6563,6779,51.50168228149414,-0.17489217221736908
2020-08-10 07:18:19,6.309637069702148,25.73656463623047,57.759124755859375,3377,429,258,101,142,143,49,11,12,5,0,0,0,0,0,0,23.1,66.7,7.79,4780,4839,6563,6779,51.50168228149414,-0.17489217221736908
2020-08-10 07:22:19,5.676136016845703,22.417848587036133,42.18225860595703,2973,403,254,106,162,133,38,10,4,2,1,0,0,0,0,0,23.4,66.2,7.94,4782,4804,6561,6808,51.50168228149414,-0.17489217221736908
2020-08-10 07:26:19,5.678140163421631,21.606481552124023,40.94609832763672,3081,425,252,105,143,137,33,7,7,0,0,0,0,1,0,0,23.8,65.7,7.96,4790,4843,6558,6750,51.50168228149414,-0.17489217221736908
2020-08-10 07:30:19,5.576375961303711,21.004146575927734,52.60934829711914,2857,415,245,125,157,111,31,9,9,7,0,0,0,0,1,0,24.1,65.1,7.99,4786,4868,6569,6756,51.50168228149414,-0.17489217221736908
2020-08-10 07:35:20,5.2671284675598145,21.18502426147461,45.89859390258789,3065,406,231,105,161,118,50,9,8,1,1,0,0,1,0,0,24.6,63.8,8.01,0,0,0,0,0,0
2020-08-10 07:39:16,5.084583282470703,18.665184020996094,43.04072570800781,2730,393,231,99,137,94,30,11,7,2,1,1,0,0,0,0,25,62.7,7.94,4795,4867,6583,6819,51.501712799072266,-0.17489266395568848
2020-08-10 07:45:17,5.346354007720947,19.4340877532959,49.57013702392578,3483,416,233,101,129,113,40,11,3,3,1,2,1,0,0,0,25.6,61.4,8.03,0,0,0,0,51.50168991088867,-0.17479117214679718
2020-08-10 07:49:17,5.236391544342041,20.567855834960938,51.79686737060547,2917,421,247,111,144,135,34,11,4,5,3,1,0,0,0,0,25.8,60.5,7.97,4794,4851,6573,6803,51.50168991088867,-0.1748131662607193
2020-08-10 07:55:20,4.5614237785339355,17.118871688842773,40.92142868041992,2665,346,215,91,138,93,30,7,11,3,0,1,0,0,0,0,26.4,59.1,8.07,0,0,0,0,0,0
2020-08-10 07:59:20,6.369524002075195,27.58002471923828,59.9560546875,2893,506,306,164,220,167,57,15,5,1,1,3,0,0,0,0,26.6,58.4,8,4784,4830,6570,6767,51.50172805786133,-0.17483416199684143
2020-08-10 08:03:20,4.801762580871582,17.337413787841797,32.74441146850586,2575,396,264,95,133,106,29,4,6,0,0,0,0,1,0,0,26.6,58.4,8,4784,4830,6570,6767,51.50172805786133,-0.17483416199684143
2020-08-10 08:07:20,4.7686991691589355,18.567153930664062,39.46589279174805,2826,389,263,107,136,127,36,9,7,1,2,0,0,0,0,0,27.1,57.3,8.11,4795,4826,6572,6781,51.50172805786133,-0.17483416199684143
2020-08-10 08:11:20,5.689157485961914,19.750146865844727,37.32355499267578,3101,466,307,128,154,104,35,11,1,1,1,1,0,0,0,0,27.5,56.3,8.13,4792,4936,6569,6796,51.50172805786133,-0.17483416199684143
2020-08-10 08:15:20,5.103404521942139,18.790239334106445,39.77307891845703,2980,426,257,94,134,112,31,10,8,4,0,0,0,0,0,0,27.9,55.6,8.16,4785,4745,6557,6734,51.50172805786133,-0.17483416199684143
2020-08-10 08:19:20,4.855799674987793,17.511484146118164,41.294830322265625,2798,372,243,101,131,109,26,8,3,2,2,1,0,0,0,0,28.2,54.1,8.1,4800,4810,6560,6717,51.50172805786133,-0.17483416199684143
2020-08-10 08:23:20,4.987943649291992,19.675628662109375,49.72978973388672,2849,425,266,101,175,124,34,15,5,2,1,0,0,2,1,0,28.2,54.1,8.1,4800,4810,6560,6717,51.50172805786133,-0.17483416199684143
2020-08-10 08:35:21,4.91542911529541,17.80565643310547,43.943485260009766,3167,371,256,95,167,98,32,9,9,3,0,0,1,1,0,0,28.8,52.5,8.21,0,0,0,0,51.50174331665039,-0.17476417124271393
2020-08-10 08:39:21,4.851714611053467,17.256162643432617,41.29898452758789,3183,389,228,117,143,101,26,13,7,2,2,1,0,0,0,0,29,52.1,8.16,4779,4778,6531,6709,51.5017204284668,-0.1747303307056427
2020-08-10 08:43:21,4.498281478881836,15.079974174499512,36.9376106262207,3117,405,224,87,114,88,26,6,9,5,1,0,0,0,0,0,29,52.1,8.16,4779,4778,6531,6709,51.5017204284668,-0.1747303307056427
2020-08-10 08:47:21,5.412468910217285,20.34339714050293,47.084835052490234,3434,423,235,101,142,118,38,13,8,3,1,0,0,0,0,1,82.2,51.5,8.2,4773,4797,6540,6676,51.5017204284668,-0.1747303307056427
2020-08-10 08:51:21,4.500568389892578,16.320323944091797,41.05891418457031,2947,350,238,88,137,94,30,11,5,5,1,0,1,0,0,0,29.6,51,8.21,4781,4781,6510,6676,51.5017204284668,-0.1747303307056427
2020-08-10 08:55:21,4.936132907867432,16.843271255493164,53.302242279052734,3475,427,234,91,136,98,29,10,6,4,2,1,2,0,1,0,29.8,50.6,8.21,4776,4661,6508,6660,51.5017204284668,-0.1747303307056427
2020-08-10 08:59:21,4.463668346405029,16.533344268798828,32.88427734375,2815,354,221,110,129,102,30,11,6,0,0,0,1,0,0,0,30,49.4,8.16,4762,4788,6523,6718,51.5017204284668,-0.1747303307056427
2020-08-10 09:05:21,4.686275482177734,16.43972396850586,35.827659606933594,3281,383,253,83,109,111,22,15,8,1,0,0,0,0,1,0,30.2,49,8.2,0,0,0,0,51.501583099365234,-0.17433716356754303
2020-08-10 09:09:21,4.249303340911865,14.49674129486084,37.738800048828125,2749,334,236,87,126,80,27,7,3,3,0,0,1,1,0,1,30.2,49,8.15,4760,4792,6497,6720,51.50169372558594,-0.1746944934129715
2020-08-10 09:20:19,4.929065227508545,17.56473159790039,40.016456604003906,3379,402,202,103,158,113,21,9,9,4,0,1,0,0,0,0,30.5,48,8.15,0,0,0,0,51.5017204284668,-0.17482633888721466
2020-08-10 09:24:19,4.838921546936035,16.92369270324707,32.605133056640625,2921,362,214,103,139,106,16,9,6,0,0,0,1,0,0,0,30.5,48,8.07,4756,4743,6495,6705,51.501731872558594,-0.1748104989528656
2020-08-10 09:35:23,4.788633823394775,16.408349990844727,36.94442367553711,3406,383,205,108,135,93,25,12,8,1,1,1,0,0,0,0,30.7,47.6,8.14,0,0,0,0,51.50172805786133,-0.17487433552742004
2020-08-10 09:39:23,4.74448299407959,16.48514175415039,52.029605865478516,3343,368,233,93,126,102,31,5,10,0,1,4,1,0,0,1,30.8,47.4,8.06,4749,4748,6481,6725,51.50172424316406,-0.1748436689376831
2020-08-10 09:43:23,4.543577671051025,15.134591102600098,31.390615463256836,3186,380,197,96,134,88,23,6,6,2,0,1,0,0,0,0,30.8,47.4,8.06,4749,4748,6481,6725,51.50172424316406,-0.1748436689376831
2020-08-10 09:47:23,4.402881145477295,15.257566452026367,43.30874252319336,3040,358,219,97,115,80,32,11,5,4,2,2,0,0,0,0,31,46.9,8.13,4742,4751,6484,6815,51.50172424316406,-0.1748436689376831
2020-08-10 09:55:23,4.627903461456299,14.67784595489502,30.115703582763672,3187,416,241,98,110,80,27,4,8,3,0,0,0,0,0,0,31.6,46.1,8.14,0,0,0,0,0,0
2020-08-10 09:59:23,4.527218818664551,14.996299743652344,38.911155700683594,3201,354,217,89,124,99,16,6,7,3,2,0,0,0,1,0,31.5,45.8,8.05,4741,4776,6471,6757,51.50178909301758,-0.1748436689376831
2020-08-10 10:03:23,4.616041660308838,14.813467979431152,51.87025451660156,3638,389,200,77,106,89,24,9,5,4,3,1,0,2,1,0,31.5,45.8,8.05,4741,4776,6471,6757,51.50178909301758,-0.1748436689376831
2020-08-10 10:15:24,4.360909938812256,13.14249324798584,35.9310188293457,3432,365,206,81,86,77,18,8,7,2,1,1,0,1,0,0,32.2,44.4,8.12,0,0,0,0,51.501670837402344,-0.1748243272304535
2020-08-10 10:19:24,4.135288238525391,12.233906745910645,29.840389251708984,3681,362,195,61,95,80,17,6,6,1,2,0,0,0,1,0,32.5,43.2,8.03,4741,4762,6455,6773,51.501644134521484,-0.17477133870124817
2020-08-10 10:25:24,4.131450653076172,12.716230392456055,36.034446716308594,3619,341,209,72,94,67,21,10,13,5,1,0,0,0,0,0,32.9,42.5,8.11,0,0,0,0,0,0
2020-08-10 10:29:24,3.9720609188079834,12.391160011291504,31.944963455200195,3553,349,173,81,86,57,26,15,9,3,1,0,0,0,0,0,33,42.1,8.03,4737,4770,6447,6764,51.50175857543945,-0.17488566040992737
2020-08-10 10:33:24,4.036559581756592,12.316690444946289,33.640254974365234,3541,341,179,76,101,64,26,8,4,3,1,0,0,1,1,0,33,42.1,8.03,4737,4770,6447,6764,51.50175857543945,-0.17488566040992737
2020-08-10 10:40:25,3.7278668880462646,10.490345001220703,27.8116455078125,3193,303,154,57,82,51,16,6,3,4,1,0,0,0,0,1,33.5,41.5,8.11,0,0,0,0,0,0
2020-08-10 10:44:25,3.486478567123413,9.241354942321777,29.18853759765625,3426,303,179,67,82,51,9,9,3,3,1,3,0,0,0,0,33.5,41,8.02,4733,4700,6430,6691,51.501651763916016,-0.17469283938407898
2020-08-10 10:48:25,3.663334846496582,11.884474754333496,26.693809509277344,3295,330,147,58,87,74,26,10,2,1,1,0,0,1,0,0,33.5,41,8.02,4733,4700,6430,6691,51.501651763916016,-0.17469283938407898
2020-08-10 10:52:25,3.1353211402893066,9.460734367370605,27.94183921813965,2994,290,116,45,70,52,20,7,4,2,4,0,0,0,0,0,33.8,40.1,8.1,4723,4690,6433,6554,51.501651763916016,-0.17469283938407898
2020-08-10 10:56:25,3.3692214488983154,9.874969482421875,27.422138214111328,3140,277,135,53,91,43,24,6,2,1,2,2,0,0,0,0,34,39.9,8.1,4719,4739,6431,6608,51.501651763916016,-0.17469283938407898
2020-08-10 11:00:25,4.11430549621582,14.705182075500488,53.16423034667969,3428,349,144,64,96,82,32,15,9,2,3,3,1,0,0,0,102,39,8.1,4721,4556,6412,6637,51.501651763916016,-0.17469283938407898
2020-08-10 11:10:25,3.7203917503356934,9.948436737060547,42.304447174072266,3318,298,147,55,78,45,13,9,0,3,4,1,1,1,1,0,34.3,38.3,8.19,0,0,0,0,51.50179672241211,-0.174789160490036
2020-08-10 11:14:25,3.4289937019348145,11.41851806640625,37.985816955566406,3053,297,139,67,84,55,24,13,11,4,2,1,0,0,0,0,34.4,38.3,8.15,4704,5016,6406,6879,51.50178909301758,-0.17486366629600525
2020-08-10 11:20:26,3.3122498989105225,8.882987976074219,27.171659469604492,3167,265,150,54,77,31,12,11,6,5,0,1,0,0,0,0,34.8,37.9,8.2,0,0,0,0,0,0
2020-08-10 11:24:26,3.677558183670044,11.083683013916016,45.68967056274414,3384,297,149,75,86,49,26,5,10,4,4,2,1,0,0,0,35,37.9,8.15,4706,4760,6397,6732,51.5016975402832,-0.17478933930397034
2020-08-10 11:28:26,3.433793544769287,10.27574348449707,29.3294734954834,3323,292,134,53,75,48,25,7,6,6,1,0,0,0,0,0,35,37.9,8.15,4706,4760,6397,6732,51.5016975402832,-0.17478933930397034
2020-08-10 11:32:26,3.894526243209839,10.95978832244873,38.30509948730469,3634,329,192,56,72,68,16,8,4,3,0,3,0,1,1,0,35.4,37.3,8.2,4705,4799,6390,6956,51.5016975402832,-0.17478933930397034
2020-08-10 11:36:26,3.8808979988098145,11.316254615783691,33.321998596191406,3456,336,185,64,95,53,19,12,4,3,3,1,0,0,0,0,35.6,37.2,8.15,4705,4723,6401,6720,51.5016975402832,-0.17478933930397034
2020-08-10 11:40:26,4.089814186096191,14.253579139709473,46.30291748046875,3559,326,171,83,102,80,33,15,6,7,1,1,1,0,0,0,35.6,37.4,8.15,4701,4862,6405,6962,51.5016975402832,-0.17478933930397034
2020-08-10 11:45:26,3.9150450229644775,12.058358192443848,45.423309326171875,3569,320,151,81,97,58,21,14,6,3,4,1,1,1,0,0,35.6,36.7,8.15,0,0,0,0,0,0
2020-08-10 11:49:26,3.5364603996276855,10.324884414672852,33.57210159301758,3452,287,165,50,65,46,25,11,5,6,0,2,0,0,0,0,35.4,37.1,8.07,4695,4684,6373,6726,51.50175857543945,-0.1748960018157959
2020-08-10 11:55:27,3.5040974617004395,9.678350448608398,22.219200134277344,3385,272,160,60,67,43,21,8,5,1,0,1,0,0,0,0,35.6,37.2,8.14,0,0,0,0,0,0
2020-08-10 11:59:27,3.8923566341400146,11.542363166809082,31.688493728637695,3460,297,150,59,79,60,20,8,5,4,1,1,0,0,0,0,35.7,37,8.05,4700,4773,6384,6823,51.5018196105957,-0.17489400506019592
2020-08-10 12:03:27,3.499751329421997,9.486547470092773,20.473913192749023,3298,283,169,58,67,47,19,7,2,0,1,1,0,0,0,0,35.7,37,8.05,4700,4773,6384,6823,51.5018196105957,-0.17489400506019592
2020-08-10 12:07:27,3.370120048522949,9.972184181213379,28.186607360839844,3242,302,170,62,89,47,20,8,11,1,2,0,0,0,0,0,36.1,36.8,8.14,4700,4774,6373,6892,51.5018196105957,-0.17489400506019592
2020-08-10 12:11:27,3.695953369140625,11.189823150634766,28.6058349609375,3431,290,177,50,82,68,17,12,3,3,1,0,0,0,1,0,36.5,36.6,8.13,4698,4765,6390,6918,51.5018196105957,-0.17489400506019592
2020-08-10 12:15:27,3.6767048835754395,10.814476013183594,33.3798942565918,3553,306,172,61,57,52,27,13,3,4,4,0,0,0,0,0,36.9,36.2,8.13,4696,4772,6405,6897,51.5018196105957,-0.17489400506019592
2020-08-10 12:19:27,3.7479941844940186,12.174857139587402,43.712398529052734,3552,335,154,56,75,63,30,12,13,1,1,1,0,2,0,0,37.2,35.4,8.04,4700,4838,6412,6849,51.5018196105957,-0.17489400506019592
2020-08-10 12:25:27,3.7086591720581055,10.37055492401123,47.21491622924805,3440,302,168,69,73,59,15,5,7,3,3,1,3,0,1,0,37.5,35.1,8.13,0,0,0,0,51.501731872558594,-0.17480100691318512
2020-08-10 12:29:27,3.4313745498657227,9.054110527038574,18.731945037841797,3369,263,145,56,71,44,17,3,4,2,0,0,0,0,0,0,37.4,34.5,8.03,4698,4685,6381,6755,51.50174331665039,-0.1748484969139099
2020-08-10 12:35:27,3.182080030441284,8.011913299560547,26.958343505859375,3117,259,140,53,61,35,14,2,6,2,0,1,1,0,1,0,37.7,34,8.12,0,0,0,0,51.50172805786133,-0.17478632926940918
2020-08-10 12:39:27,3.081282615661621,8.547635078430176,26.701791763305664,3050,284,136,46,46,39,16,13,5,2,0,1,1,0,0,0,38,33.6,8.03,4696,4718,6376,6647,51.50168991088867,-0.1748061627149582
2020-08-10 12:45:28,3.0727379322052,8.047268867492676,17.597145080566406,3010,273,141,41,54,40,14,5,6,0,1,0,0,0,0,0,38.3,33.1,8.11,0,0,0,0,0,0
2020-08-10 12:49:28,2.8003830909729004,7.306236267089844,25.156558990478516,2903,238,107,41,45,37,9,7,7,2,0,0,1,1,0,0,38.4,32.4,8.03,4680,4667,6367,6742,51.50166320800781,-0.17486482858657837
2020-08-10 12:53:28,2.829275369644165,6.796820163726807,11.904958724975586,2876,230,110,51,52,23,16,2,2,1,0,0,0,0,0,0,38.4,32.4,8.03,4680,4667,6367,6742,51.50166320800781,-0.17486482858657837
2020-08-10 12:57:28,2.8978588581085205,7.672885417938232,17.32454490661621,3027,232,110,38,55,33,16,7,4,0,0,1,0,0,0,0,38.7,32,8.11,4682,4576,6357,7002,51.50166320800781,-0.17486482858657837
2020-08-10 13:01:28,3.0279762744903564,7.664215087890625,23.965112686157227,3133,266,129,34,51,32,17,6,3,1,1,0,1,1,0,0,38.7,32.1,8.1,4671,4678,6362,6819,51.50166320800781,-0.17486482858657837
2020-08-10 13:05:28,3.5319278240203857,8.564597129821777,29.51847267150879,3981,352,134,52,67,30,20,7,4,2,3,1,1,0,0,0,38.9,32.5,8.11,4677,4712,6353,6685,51.50166320800781,-0.17486482858657837
2020-08-10 13:09:28,2.5907747745513916,6.269420623779297,18.78351593017578,2722,205,99,39,45,26,12,4,1,1,1,0,1,0,0,0,39.1,31.2,8.01,4676,4850,6337,6677,51.50166320800781,-0.17486482858657837
2020-08-10 13:13:28,2.7745306491851807,7.928567409515381,32.06318664550781,2786,322,128,45,48,43,16,10,6,2,2,1,2,0,0,0,39.1,31.2,8.01,4676,4850,6337,6677,51.50166320800781,-0.17486482858657837
2020-08-10 13:17:28,2.0974581241607666,5.018303394317627,16.341903686523438,2348,164,80,13,37,23,10,2,2,1,0,0,1,0,1,0,39.4,29.6,8.1,4660,4700,6343,6738,51.50166320800781,-0.17486482858657837
2020-08-10 13:21:28,2.1613688468933105,5.477787494659424,14.929230690002441,2533,216,78,25,37,21,12,7,5,1,1,0,0,0,0,0,39.4,28.6,8.1,4662,4430,6324,6530,51.50166320800781,-0.17486482858657837
2020-08-10 13:25:28,2.073181390762329,5.309106349945068,9.980862617492676,2287,160,72,22,34,26,14,1,2,1,0,0,0,0,0,0,39.4,28.8,8.09,4666,4524,6321,6975,51.50166320800781,-0.17486482858657837
2020-08-10 13:35:28,1.9710699319839478,4.962803363800049,23.357065200805664,2447,178,59,23,31,18,14,3,7,1,1,2,0,0,1,0,39.6,28,8.08,0,0,0,0,51.50175476074219,-0.17478066682815552
2020-08-10 13:39:28,2.0498311519622803,4.530346870422363,18.345733642578125,2467,161,80,27,34,18,11,1,0,1,1,1,1,0,1,0,39.6,27.7,8,4658,4567,6331,6691,51.501739501953125,-0.1747976690530777
2020-08-10 13:43:28,1.77577805519104,4.478820323944092,12.520322799682617,2099,138,56,15,26,11,14,6,3,0,0,1,0,0,0,0,39.6,27.7,8,4658,4567,6331,6691,51.501739501953125,-0.1747976690530777
2020-08-10 13:47:28,1.6610772609710693,3.542341947555542,8.050392150878906,2075,122,68,17,26,12,5,3,3,1,0,0,0,0,0,0,39.9,27.3,8.08,4657,4545,6320,6259,51.501739501953125,-0.1747976690530777
2020-08-10 13:55:29,1.8425297737121582,4.7548699378967285,18.66802978515625,1988,170,68,21,27,15,16,3,2,2,2,0,0,0,1,0,40.3,26.7,8.07,0,0,0,0,51.501792907714844,-0.17463383078575134
2020-08-10 13:59:29,1.8275550603866577,4.8188300132751465,12.67949390411377,2020,142,51,27,32,19,16,0,2,2,1,0,0,0,0,0,40.3,26.3,7.99,4660,4735,6319,6655,51.50176239013672,-0.1747688353061676
2020-08-10 14:03:29,1.6090420484542847,4.49619722366333,14.74181079864502,1896,149,64,21,17,21,19,2,3,1,1,1,0,0,0,0,40.3,26.3,7.99,4660,4735,6319,6655,51.50176239013672,-0.1747688353061676
2020-08-10 14:10:29,1.582043170928955,3.7480645179748535,12.312734603881836,1851,129,56,16,12,18,9,4,1,0,0,1,0,0,0,1,41,24.9,8.07,0,0,0,0,0,0
2020-08-10 14:14:29,1.8508797883987427,4.598842144012451,10.752039909362793,2076,164,61,17,30,15,12,5,2,0,1,0,0,0,0,0,40.8,24.9,7.97,4654,4692,6309,6599,51.50201416015625,-0.174754336476326
2020-08-10 14:20:29,1.6894111633300781,4.293997764587402,12.56192398071289,1987,131,51,14,22,20,13,2,1,1,2,0,0,0,0,0,41,24.6,8.06,0,0,0,0,0,0
2020-08-10 14:24:29,1.8251497745513916,4.582944393157959,10.993301391601562,2059,150,58,26,25,13,11,7,3,1,0,0,0,0,0,0,40.8,25,7.97,4636,4598,6314,6713,51.50175094604492,-0.17493532598018646
2020-08-10 14:28:29,1.7366441488265991,3.537834882736206,10.327842712402344,1989,142,60,14,27,16,5,0,0,0,0,2,0,0,0,0,40.8,25,7.97,4636,4598,6314,6713,51.50175094604492,-0.17493532598018646
2020-08-10 14:35:30,1.6722966432571411,4.230579376220703,12.661837577819824,1966,157,61,23,25,17,14,2,2,2,0,1,0,0,0,0,41.2,24.3,8.05,0,0,0,0,0,0
2020-08-10 14:39:30,1.6903159618377686,4.1530351638793945,9.32470703125,2159,138,57,12,23,23,8,4,3,1,0,0,0,0,0,0,41.5,24.2,7.96,4635,4765,6297,6716,51.50178527832031,-0.174775168299675
2020-08-10 14:50:30,1.8460633754730225,4.8209943771362305,18.284835815429688,2280,160,58,29,20,22,11,9,3,0,1,1,1,0,0,0,41,24.3,8.05,0,0,0,0,51.50184631347656,-0.17484067380428314
2020-08-10 14:54:30,1.6872164011001587,4.0307159423828125,10.819817543029785,2162,129,52,15,30,14,12,1,4,1,0,0,0,0,0,0,41,24.3,7.96,4619,4704,6324,6616,51.50182342529297,-0.17484483122825623
2020-08-10 15:00:30,1.8448398113250732,3.848647356033325,12.45883560180664,2374,125,45,18,14,17,6,3,2,2,0,1,0,0,0,0,41.9,23.7,8.17,0,0,0,0,0,0
2020-08-10 15:04:31,1.5439503192901611,2.8635387420654297,5.672294616699219,2430,171,47,14,18,9,6,3,1,1,0,0,0,0,0,0,41.8,22.7,8.01,4649,4612,6319,6595,51.501739501953125,-0.1748008280992508
2020-08-10 15:08:31,1.840407133102417,3.71919322013855,12.707330703735352,2361,120,48,17,18,12,7,3,2,0,0,2,0,0,0,0,41.8,22.7,8.01,4649,4612,6319,6595,51.501739501953125,-0.1748008280992508
2020-08-10 15:12:31,1.7650352716445923,3.972923994064331,8.672471046447754,2342,168,45,20,11,18,13,3,1,0,1,0,0,0,0,0,41.3,23.5,8.18,4638,4916,6333,6572,51.501739501953125,-0.1748008280992508
2020-08-10 15:16:31,1.8635149002075195,3.6548197269439697,10.178030014038086,2530,147,51,17,20,14,9,1,0,0,1,0,1,0,0,0,42.2,23.1,8.17,4639,4690,6313,6871,51.501739501953125,-0.1748008280992508
2020-08-10 15:20:31,1.9178630113601685,4.239921569824219,8.177343368530273,2681,139,53,17,12,18,11,6,2,0,0,0,0,0,0,0,42.4,22.8,8.18,4641,4799,6330,6786,51.501739501953125,-0.1748008280992508
2020-08-10 15:24:31,1.960876226425171,3.9800238609313965,14.234554290771484,2768,153,50,12,18,13,10,2,5,0,0,2,0,0,0,0,42.7,22.5,8.13,4647,4821,6331,6585,51.501739501953125,-0.1748008280992508
2020-08-10 15:28:31,2.0626211166381836,5.422779083251953,17.80123519897461,2646,170,52,28,31,14,22,6,2,3,2,0,0,0,0,0,42.7,22.5,8.13,4647,4821,6331,6585,51.501739501953125,-0.1748008280992508
2020-08-10 15:32:31,1.877234935760498,3.5439512729644775,11.045610427856445,2809,134,36,9,13,14,3,6,1,4,0,0,0,0,0,0,42.9,22.2,8.18,4648,5014,6341,6791,51.501739501953125,-0.1748008280992508
2020-08-10 15:36:31,2.0458791255950928,4.076996326446533,14.846506118774414,2859,159,45,11,29,17,4,4,2,1,0,0,1,1,0,0,43.1,22.1,8.18,4649,4880,6347,6856,51.501739501953125,-0.1748008280992508
2020-08-10 15:40:31,2.082660436630249,3.765867233276367,7.580355167388916,2874,127,34,19,15,10,8,1,2,1,0,0,0,0,0,0,43.2,22.1,8.18,4644,4785,6332,7148,51.501739501953125,-0.1748008280992508
2020-08-10 15:44:31,2.2028329372406006,4.385694980621338,23.018373489379883,2863,139,49,22,27,8,8,5,2,1,2,2,1,0,0,0,42.9,22,8.06,4637,4781,6343,6685,51.501739501953125,-0.1748008280992508
2020-08-10 15:48:31,2.505570650100708,5.896833896636963,33.7589225769043,3133,166,69,26,27,17,13,6,9,1,4,3,0,0,0,0,42.9,22,8.06,4637,4781,6343,6685,51.501739501953125,-0.1748008280992508
2020-08-10 15:52:31,2.664080858230591,5.7904582023620605,23.18324089050293,3226,204,89,18,31,20,13,2,5,2,3,1,0,0,0,0,42.9,22.8,8.13,4649,4711,6345,6895,51.501739501953125,-0.1748008280992508
2020-08-10 15:56:31,2.8328585624694824,6.3998637199401855,29.003036499023438,3519,210,72,26,32,25,10,5,7,5,1,1,1,0,0,0,42.9,23.5,8.13,4652,4809,6345,6913,51.501739501953125,-0.1748008280992508
2020-08-10 16:00:31,2.941462993621826,6.406610488891602,16.905290603637695,3393,228,95,36,38,27,11,3,1,3,0,0,0,1,0,0,42.7,24.3,8.14,4651,4761,6337,6904,51.501739501953125,-0.1748008280992508
2020-08-10 16:04:31,2.8170623779296875,6.266626834869385,29.84082794189453,3476,257,101,33,37,23,14,4,4,3,3,2,0,1,0,0,42.3,24.9,8.03,4660,4827,6356,6904,51.501705169677734,-0.174727663397789
2020-08-10 16:10:31,2.6287007331848145,5.978053569793701,26.358686447143555,3456,202,91,16,33,25,21,1,1,1,2,2,2,0,0,0,42.2,24.9,8.13,0,0,0,0,51.501747131347656,-0.17480799555778503
2020-08-10 16:14:31,2.7078211307525635,5.749080181121826,17.641990661621094,3550,213,91,20,39,18,14,1,6,2,2,0,0,0,0,0,41.9,25.3,8.04,4658,4864,6365,6826,51.50171661376953,-0.17479883134365082
2020-08-10 16:18:31,2.650045394897461,6.282058238983154,27.18193817138672,3480,212,74,30,29,28,17,5,3,3,3,0,1,0,1,0,41.9,25.3,8.04,4658,4864,6365,6826,51.50171661376953,-0.17479883134365082
2020-08-10 16:35:32,2.986255168914795,7.149807453155518,29.432687759399414,3875,207,99,30,45,27,15,8,7,2,3,1,0,0,1,0,40.2,27.5,8.12,0,0,0,0,51.501731872558594,-0.1748233288526535
2020-08-10 16:39:32,2.8516793251037598,6.258024215698242,26.04769515991211,3838,221,83,20,36,28,8,6,6,5,2,0,1,0,0,0,39.8,28.2,8.02,4656,4821,6369,6894,51.501686096191406,-0.1747516691684723
2020-08-10 16:43:32,3.238698959350586,6.379383087158203,24.774972915649414,4178,225,76,28,34,20,10,2,6,4,1,1,0,0,0,0,39.8,28.2,8.02,4656,4821,6369,6894,51.501686096191406,-0.1747516691684723
2020-08-10 16:47:32,3.309978485107422,7.670613765716553,29.420228958129883,4477,240,87,36,37,30,18,6,8,6,3,0,0,0,0,0,39.7,28.7,8.11,4658,4831,6377,6783,51.501686096191406,-0.1747516691684723
2020-08-10 16:55:33,3.441756248474121,6.8417487144470215,22.252641677856445,4903,254,69,28,38,24,11,4,6,6,1,0,0,0,0,0,39.1,30.1,8.11,0,0,0,0,51.50173568725586,-0.17546400427818298
2020-08-10 16:59:33,3.739469528198242,8.330924987792969,36.646514892578125,5132,269,100,34,41,31,19,8,6,7,1,0,1,2,0,0,38.6,31.2,8.03,4674,4806,6412,7041,51.50175476074219,-0.17489999532699585
2020-08-10 17:03:33,3.623032331466675,7.248664379119873,22.434898376464844,5282,232,84,19,34,31,14,8,1,0,1,2,1,0,0,0,38.6,31.2,8.03,4674,4806,6412,7041,51.50175476074219,-0.17489999532699585
2020-08-10 17:07:33,3.613672971725464,7.2690839767456055,27.331968307495117,5524,294,93,24,39,24,20,4,5,6,1,1,1,0,0,0,38.5,31.3,8.1,4670,4782,6417,7138,51.50175476074219,-0.17489999532699585
2020-08-10 17:11:33,3.8371851444244385,7.2680745124816895,16.486759185791016,5587,239,76,38,36,24,13,5,5,0,0,0,0,1,0,0,38.4,31.6,8.1,4679,4893,6415,7197,51.50175476074219,-0.17489999532699585
2020-08-10 17:15:33,3.927633285522461,8.174555778503418,23.8350887298584,5717,242,83,25,42,33,18,4,7,3,2,0,0,0,0,0,38,31.9,8.1,4681,4777,6412,6990,51.50175476074219,-0.17489999532699585
2020-08-10 17:20:33,3.7034189701080322,7.6177239418029785,25.938257217407227,5906,244,85,23,33,30,19,8,7,1,2,1,1,0,0,0,37.4,32.9,8.09,0,0,0,0,51.501686096191406,-0.1748928278684616
2020-08-10 17:24:33,4.143399238586426,8.123799324035645,24.65118408203125,6119,269,87,26,33,30,18,7,3,3,2,0,1,0,0,0,36.8,34,8.01,4675,4836,6440,6987,51.50168228149414,-0.17487832903862
2020-08-10 17:35:34,4.07867956161499,7.844408988952637,20.939517974853516,6530,271,98,25,30,33,19,6,4,1,2,1,0,0,0,0,36.2,35.1,8.09,0,0,0,0,51.50159454345703,-0.17469650506973267
2020-08-10 17:39:34,4.570165634155273,8.187567710876465,28.017032623291016,6769,295,101,32,37,19,17,3,9,2,2,1,0,0,0,1,36.2,35.2,8,4685,4886,6460,6996,51.50175094604492,-0.17476600408554077
2020-08-10 17:43:34,3.73504376411438,7.092173099517822,26.685625076293945,5512,254,79,22,26,33,8,9,2,2,0,1,2,0,1,0,36.2,35.2,8,4685,4886,6460,6996,51.50175094604492,-0.17476600408554077
2020-08-10 17:47:34,3.2144579887390137,5.9424028396606445,21.08745002746582,4968,281,74,25,25,23,11,3,6,1,3,0,0,1,0,0,36.2,33.7,8.08,4697,4936,6451,6994,51.50175094604492,-0.17476600408554077
2020-08-10 17:51:34,3.5373668670654297,7.266401290893555,22.690658569335938,4850,310,76,34,37,24,19,4,4,1,3,1,0,0,0,0,36,33.6,8.09,4699,4856,6446,6935,51.50175094604492,-0.17476600408554077
2020-08-10 17:55:34,3.3061916828155518,6.1529412269592285,15.096539497375488,4750,245,79,27,22,23,9,5,6,0,0,1,0,0,0,0,35.8,33.8,8.09,4697,4861,6448,7002,51.50175094604492,-0.17476600408554077
2020-08-10 17:59:34,2.993941307067871,5.5570173263549805,18.273967742919922,4275,231,73,22,23,18,11,4,2,3,0,2,0,0,0,0,35.5,34,8,4706,4895,6465,6948,51.50175094604492,-0.17476600408554077
2020-08-10 18:03:34,3.2717649936676025,6.3457536697387695,13.350797653198242,4503,268,93,24,28,29,4,7,7,0,0,0,0,0,0,0,35.5,34,8,4706,4895,6465,6948,51.50175094604492,-0.17476600408554077
2020-08-10 18:10:34,3.3509633541107178,6.699065208435059,20.76776123046875,4848,251,61,25,29,30,11,5,5,2,0,1,0,0,1,0,34.8,34.6,8.07,0,0,0,0,51.50171661376953,-0.17472416162490845
2020-08-10 18:14:34,3.4968907833099365,6.577409744262695,16.030925750732422,4681,295,104,28,44,20,9,3,5,2,1,0,0,0,0,0,34.2,35.7,7.99,4700,4916,6456,6972,51.50178146362305,-0.17486566305160522
2020-08-10 18:18:34,3.6218984127044678,7.1100358963012695,22.39698600769043,4755,248,89,23,32,25,14,4,2,3,2,1,0,0,0,0,34.2,35.7,7.99,4700,4916,6456,6972,51.50178146362305,-0.17486566305160522
2020-08-10 18:22:34,3.3980610370635986,6.884565353393555,25.104671478271484,4765,258,89,26,29,25,16,8,0,2,3,1,0,1,0,0,34,35.8,8.07,4699,4902,6462,7098,51.50178146362305,-0.17486566305160522
2020-08-10 18:26:34,3.1594550609588623,5.655570030212402,14.331399917602539,4741,224,54,17,25,21,6,4,5,3,0,0,0,0,0,0,33.7,36.1,8.07,4694,4889,6457,6967,51.50178146362305,-0.17486566305160522
2020-08-10 18:30:34,3.559784173965454,6.480236053466797,23.30716896057129,5076,282,85,27,30,17,10,8,3,1,1,1,1,0,0,1,33.3,36.4,8.07,4690,4897,6482,6934,51.50178146362305,-0.17486566305160522
2020-08-10 18:34:34,3.438786029815674,5.970167636871338,12.53133487701416,5025,249,83,22,23,19,9,4,4,0,1,0,0,0,0,0,33,37.2,7.98,4697,4914,6457,6991,51.50178146362305,-0.17486566305160522
2020-08-10 18:40:34,3.803524971008301,6.147014141082764,15.536494255065918,5491,324,92,24,25,12,9,5,3,0,1,0,0,1,0,0,32.9,37.4,8.07,0,0,0,0,0,0
2020-08-10 18:44:34,4.120336532592773,7.478691577911377,22.347599029541016,5865,326,95,26,44,19,14,6,1,3,1,2,0,0,0,0,32.4,38.3,7.98,4719,4988,6483,7100,51.501747131347656,-0.1747480034828186
2020-08-10 18:48:34,3.935237169265747,6.7483296394348145,14.251922607421875,5540,337,81,34,37,24,8,2,1,2,0,1,0,0,0,0,32.4,38.3,7.98,4719,4988,6483,7100,51.501747131347656,-0.1747480034828186
2020-08-10 18:52:34,3.648560047149658,5.574503421783447,8.865313529968262,5610,273,65,15,18,12,7,5,2,0,0,0,0,0,0,0,32.4,38.3,8.06,4714,4927,6491,6990,51.501747131347656,-0.1747480034828186
2020-08-10 18:56:34,3.965043306350708,6.17891263961792,22.141435623168945,5949,305,90,15,21,16,7,2,5,3,1,0,1,0,0,1,32.2,38.5,8.07,4723,4941,6477,6960,51.501747131347656,-0.1747480034828186
2020-08-10 19:00:34,4.235566139221191,7.213078498840332,24.54227066040039,6402,306,74,23,31,16,13,4,6,3,1,2,0,0,0,0,31.9,38.8,8.07,4726,4968,6486,7139,51.501747131347656,-0.1747480034828186
2020-08-10 19:04:34,4.409883499145508,6.57733154296875,16.150402069091797,6692,323,82,27,23,16,6,2,3,2,2,0,0,0,0,0,31.6,39.6,7.97,4718,5018,6487,7133,51.501747131347656,-0.1747480034828186
2020-08-10 19:08:34,4.569935321807861,7.430142879486084,16.192394256591797,6903,328,92,21,26,23,14,1,2,3,0,0,0,0,0,0,31.6,39.6,7.97,4718,5018,6487,7133,51.501747131347656,-0.1747480034828186
2020-08-10 19:15:35,4.726358890533447,7.1588311195373535,23.323877334594727,7213,380,75,23,29,9,10,6,3,1,1,2,0,0,1,0,31,40.2,8.06,0,0,0,0,51.50166320800781,-0.17486916482448578
2020-08-10 19:19:35,4.863753318786621,8.005367279052734,23.531064987182617,7304,370,93,26,30,20,12,7,3,2,0,2,0,0,0,1,30.7,41.6,7.97,4723,5011,6503,7119,51.50165557861328,-0.1747923344373703
2020-08-10 19:23:35,4.681561470031738,7.963733196258545,25.704761505126953,7166,330,86,16,29,22,16,7,2,0,2,1,1,0,1,0,30.7,41.6,7.97,4723,5011,6503,7119,51.50165557861328,-0.1747923344373703
2020-08-10 19:27:35,4.620355606079102,7.01265811920166,17.156782150268555,7122,302,92,21,20,24,6,1,4,3,0,1,0,0,0,0,30.7,41.5,8.05,4723,5087,6508,7019,51.50165557861328,-0.1747923344373703
2020-08-10 19:31:35,4.5553059577941895,6.793108940124512,16.431541442871094,7040,356,70,16,29,6,13,2,4,2,0,0,0,0,1,0,30.5,41.6,8.05,4733,4959,6525,7246,51.50165557861328,-0.1747923344373703
2020-08-10 19:35:35,4.589998245239258,7.4699225425720215,14.452303886413574,7103,330,69,20,21,26,14,3,1,1,0,1,0,0,0,0,30.2,41.8,8.05,4734,4878,6502,7117,51.50165557861328,-0.1747923344373703
2020-08-10 19:39:35,4.645697116851807,7.190500259399414,13.31517219543457,7528,391,101,23,21,26,10,3,2,0,0,0,1,0,0,0,30,42.4,7.96,4735,4872,6517,7092,51.50165557861328,-0.1747923344373703
2020-08-10 19:45:35,4.853076934814453,6.967335224151611,11.595749855041504,7461,374,78,27,21,15,6,3,3,1,0,0,0,0,0,0,29.9,42.2,8.05,0,0,0,0,51.501678466796875,-0.1746480017900467
2020-08-10 19:49:35,5.100541591644287,7.888964653015137,11.59447956085205,7830,390,75,28,26,19,14,4,0,1,0,0,0,0,0,0,29.5,43.1,7.96,4733,4926,6510,7191,51.50167465209961,-0.1748504936695099
2020-08-10 19:55:35,4.931980133056641,7.96681547164917,14.542193412780762,7532,343,82,28,31,21,14,4,2,0,0,1,0,0,0,0,29.5,43.1,8.04,0,0,0,0,51.501792907714844,-0.1748836636543274
2020-08-10 19:59:35,4.2652974128723145,6.446500301361084,14.604655265808105,7189,363,57,16,21,14,9,4,5,3,0,0,0,0,0,0,29.1,43.9,7.96,4743,4956,6536,7158,51.501739501953125,-0.17488433420658112
2020-08-10 20:05:36,5.0221710205078125,7.894382476806641,18.593191146850586,7793,359,84,23,20,20,11,8,3,0,0,2,0,0,0,0,29.2,43.8,8.04,0,0,0,0,0,0
2020-08-10 20:09:36,4.5233330726623535,6.470365047454834,12.954169273376465,6974,357,78,16,16,21,4,2,2,1,0,1,0,0,0,0,28.9,44.7,7.95,4744,4881,6529,7126,51.50167465209961,-0.1748308390378952
2020-08-10 20:13:36,5.570425987243652,8.626035690307617,14.728528022766113,8605,432,89,18,26,25,11,4,6,0,0,0,0,0,0,0,28.9,44.7,7.95,4744,4881,6529,7126,51.50167465209961,-0.1748308390378952
2020-08-10 20:17:36,4.498448848724365,6.882997035980225,23.877395629882812,7448,379,84,11,30,12,12,4,4,2,1,0,1,1,0,1,29,44.4,8.03,4750,4848,6523,7241,51.50167465209961,-0.1748308390378952
2020-08-10 20:21:36,4.813774585723877,7.633741855621338,13.962166786193848,7306,377,84,22,27,20,9,6,4,1,0,0,0,0,0,0,28.9,44.4,8.03,4753,4831,6534,7052,51.50167465209961,-0.1748308390378952
2020-08-10 20:25:36,4.8992462158203125,6.917257308959961,10.624200820922852,7618,368,81,23,15,18,3,5,3,0,0,0,0,0,0,0,28.7,44.6,8.03,4752,4806,6538,7142,51.50167465209961,-0.1748308390378952
2020-08-10 20:29:36,4.926517486572266,7.247294902801514,17.02459716796875,7456,405,89,20,27,17,9,1,2,2,1,1,0,0,0,0,28.6,45.6,7.94,4748,4930,6533,7146,51.50167465209961,-0.1748308390378952
2020-08-10 20:33:36,5.200978755950928,7.501540660858154,13.38841724395752,7981,396,89,23,27,18,6,3,1,3,0,0,0,0,0,0,28.6,45.6,7.94,4748,4930,6533,7146,51.50167465209961,-0.1748308390378952
2020-08-10 20:50:36,5.027719974517822,7.772027492523193,12.891215324401855,8143,459,90,31,22,26,8,5,5,0,0,0,0,0,0,0,28.3,47.1,8.01,0,0,0,0,0,0
2020-08-10 20:54:36,5.629965782165527,7.87554931640625,14.632746696472168,8584,479,94,24,28,11,9,2,4,0,0,1,0,0,0,0,28,47.9,7.93,4761,4919,6540,7112,51.50177764892578,-0.17470650374889374
2020-08-10 21:00:36,5.994139194488525,8.906915664672852,19.948091506958008,9126,518,108,13,31,19,12,5,2,2,1,1,0,0,0,0,28.3,47.5,8.01,0,0,0,0,51.50172424316406,-0.17471083998680115
2020-08-10 21:04:36,6.5171942710876465,9.57645034790039,17.229707717895508,9034,562,109,30,29,23,8,3,4,1,0,0,0,0,0,0,27.9,48.5,7.92,4763,4947,6553,7151,51.50172424316406,-0.17475000023841858
2020-08-10 21:08:36,6.497283935546875,9.972051620483398,19.07651710510254,9725,603,111,29,29,22,16,5,4,3,0,0,0,0,0,0,27.9,48.5,7.92,4763,4947,6553,7151,51.50172424316406,-0.17475000023841858
2020-08-10 21:12:36,5.762807369232178,8.445746421813965,17.759315490722656,8529,525,114,21,34,22,10,0,2,1,0,2,0,0,0,0,28,48.4,8.01,4760,4864,6560,7206,51.50172424316406,-0.17475000023841858
2020-08-10 21:20:37,6.297633171081543,9.58073902130127,19.293779373168945,9281,590,117,24,38,30,10,4,0,1,0,1,1,0,0,0,27.8,48.5,8.01,0,0,0,0,0,0
2020-08-10 21:24:34,7.1223225593566895,10.369893074035645,19.25148582458496,10458,736,125,38,24,28,12,3,3,0,1,1,0,0,0,0,27.4,50.3,7.92,4754,5007,6538,7096,51.50171661376953,-0.1748083382844925
2020-08-10 21:28:34,6.985256195068359,9.827141761779785,18.654808044433594,10772,866,150,36,30,17,8,7,3,4,0,0,0,0,0,0,27.4,50.3,7.92,4754,5007,6538,7096,51.50171661376953,-0.1748083382844925
2020-08-10 21:35:37,7.222295761108398,10.329562187194824,23.102432250976562,11113,841,165,29,48,25,7,3,3,2,1,2,0,0,0,0,27.4,50,8.01,0,0,0,0,51.501834869384766,-0.17475733160972595
2020-08-10 21:39:37,7.694756031036377,11.576861381530762,26.98638343811035,11485,1048,178,38,35,30,17,3,8,0,0,2,1,0,0,0,27.2,51.4,7.92,4762,4903,6560,7080,51.50181579589844,-0.17473866045475006
2020-08-10 21:43:37,8.443767547607422,12.236927032470703,22.29042625427246,12414,1202,220,35,38,28,19,3,2,0,2,1,0,0,0,0,27.2,51.4,7.92,4762,4903,6560,7080,51.50181579589844,-0.17473866045475006
2020-08-10 21:47:37,8.758182525634766,12.370580673217773,18.81155014038086,12721,1321,213,39,52,19,15,5,2,0,0,1,0,0,0,0,27.2,51.2,8,4767,4872,6575,7128,51.50181579589844,-0.17473866045475006
2020-08-10 21:51:37,9.931859016418457,13.51878547668457,26.719581604003906,13679,1749,282,46,44,22,14,3,1,0,4,0,0,1,0,0,27.1,51,7.99,4758,4853,6547,6911,51.50181579589844,-0.17473866045475006
2020-08-10 21:55:37,9.39739990234375,13.244779586791992,21.19493865966797,13157,1541,263,45,46,30,11,5,2,1,0,0,0,1,0,0,27,51.3,7.99,4764,4793,6550,6893,51.50181579589844,-0.17473866045475006
2020-08-10 21:59:37,9.25257682800293,12.305865287780762,18.38727378845215,12975,1576,245,46,42,16,9,2,4,2,0,0,0,0,0,0,26.9,52.5,7.91,4756,4974,6552,7093,51.50181579589844,-0.17473866045475006
2020-08-10 22:03:37,12.1672945022583,16.293914794921875,24.36435890197754,15293,2087,343,51,44,25,12,3,4,0,0,0,0,1,0,0,26.9,52.5,7.91,4756,4974,6552,7093,51.50181579589844,-0.17473866045475006
2020-08-10 22:07:37,11.658732414245605,15.814475059509277,24.565114974975586,15611,2168,363,65,39,24,14,5,6,0,0,1,0,0,0,0,26.9,52.4,7.98,4757,4908,6551,7038,51.50181579589844,-0.17473866045475006
2020-08-10 22:11:37,11.634306907653809,16.18950843811035,23.59172821044922,15456,2191,353,56,55,36,11,5,3,1,1,0,0,0,0,0,26.9,52.5,7.99,4759,4866,6560,7186,51.50181579589844,-0.17473866045475006
2020-08-10 22:15:37,10.906396865844727,15.259953498840332,22.176422119140625,14304,2067,365,53,45,33,13,3,6,1,0,0,0,0,0,0,26.7,52.7,7.99,4767,5045,6570,7490,51.50181579589844,-0.17473866045475006
2020-08-10 22:24:37,11.907711029052734,15.687392234802246,25.139297485351562,15413,2363,420,56,38,22,10,4,5,0,1,1,0,0,0,0,26.5,54.5,7.89,4775,4982,6544,7099,51.50169372558594,-0.17483216524124146
2020-08-10 22:25:49.302000,12.1216459274292,15.917964935302734,21.628095626831055,15722,2503,364,53,51,32,3,5,1,0,0,0,0,1,0,0,26.7,53.8,7.98,0,0,0,0,0,0
2020-08-10 22:28:37,14.346418380737305,19.34255027770996,36.30302810668945,16890,2754,473,65,55,20,16,4,6,4,0,2,0,0,0,0,26.5,54.5,7.89,4775,4982,6544,7099,51.50169372558594,-0.17483216524124146
2020-08-10 22:35:38,13.492592811584473,18.690261840820312,34.49248504638672,17023,2755,481,68,57,40,10,8,4,0,1,2,1,0,0,0,26.5,54.2,7.98,0,0,0,0,0,0
2020-08-10 22:39:34,12.35705852508545,17.09756088256836,27.19966697692871,15531,2558,449,63,42,34,15,5,4,2,0,1,0,0,0,0,26.3,55.5,7.9,4764,4928,6559,7092,51.50168228149414,-0.17471566796302795
2020-08-10 22:43:34,13.688261032104492,18.957530975341797,27.332420349121094,16626,2998,496,80,58,40,14,3,3,2,1,0,0,0,0,0,26.3,55.5,7.9,4764,4928,6559,7092,51.50168228149414,-0.17471566796302795
2020-08-10 22:47:34,12.335199356079102,17.019947052001953,27.968534469604492,15118,2606,441,77,67,34,7,4,3,0,1,2,0,0,0,0,26.3,55.2,7.98,4775,4866,6573,7182,51.50168228149414,-0.17471566796302795
2020-08-10 22:51:34,10.962435722351074,14.646121978759766,19.99512481689453,13568,2295,406,65,46,24,8,1,3,2,0,0,0,0,0,0,26.3,55,7.97,4759,4787,6550,6954,51.50168228149414,-0.17471566796302795
2020-08-10 22:55:34,11.755491256713867,15.892549514770508,21.9693660736084,14572,2465,422,68,56,27,9,1,4,2,0,0,0,0,0,0,26.2,55.1,7.97,4779,5061,6566,7266,51.50168228149414,-0.17471566796302795
2020-08-10 22:59:34,11.559252738952637,16.03537940979004,22.985279083251953,14270,2453,406,62,58,38,8,3,2,1,0,1,0,0,0,0,26.1,56.2,7.88,4768,4942,6562,7070,51.50168228149414,-0.17471566796302795
