,Longitude,Latitude,Values
0,-0.1769814196592239,51.49816314112522,0.012710563114625616
1,-0.17696957902671434,51.49816777275227,0.01467890152543919
2,-0.1769714928062067,51.49815943464091,0.01167613804867272
3,-0.17698499041431204,51.49815644732707,0.013661460963655952
4,-0.17690573419821345,51.49827515285706,0.011796770233123904
5,-0.17699302696117086,51.49816599250271,0.011535620908508348
6,-0.17699440518703877,51.498158607690065,0.01178488235322051
7,-0.176987155197487,51.49817760864327,0.012428217104800283
8,-0.17692608922259512,51.49828524174931,0.010445415551874344
9,-0.17690714382662445,51.49829466849042,0.011781564789047301
10,-0.17693086823602847,51.49829281557216,0.009728469349290298
11,-0.17694372456361232,51.498294917918415,0.008200487613561486
12,-0.1769318275588028,51.49829760448144,0.0067062420262864785
13,-0.17693305906803125,51.498303752135605,0.006934849803271029
14,-0.17891192985706583,51.495357133345514,44.38777724487572
15,-0.17891163420334588,51.49540790957913,35.53275274549493
16,-0.1787540347760828,51.49553458099163,3.771092809850719
17,-0.17875188226463692,51.49553843040979,3.725324371913129
18,-0.1787494126235575,51.4955338957437,3.7747035046692066
19,-0.17881563156327332,51.495547210024206,3.4199264887090344
20,-0.17886249044648606,51.49553745284437,3.5045647500245742
21,-0.17884494664922493,51.49554030885151,3.514064325307986
22,-0.17887353255977356,51.49554850374004,3.3697863449512884
23,-0.1787802883431708,51.495536101851705,3.5138270154898015
24,-0.17878482316074903,51.49552855816951,3.630114463621122
25,-0.1787999424692583,51.495527207781194,3.589694513919394
26,-0.17879466635869443,51.49553598461191,3.4543978323202214
27,-0.1787566318392,51.49554827305936,3.475878785128036
28,-0.17874222080174965,51.49554857454478,3.2908428974459882
29,-0.17880618823413547,51.49554743093042,3.44933596206086
30,-0.17891191662263414,51.49550577787779,12.924746835216489
31,-0.17878881359617532,51.49550854637549,4.071806338085713
32,-0.1788102784783941,51.49551127980198,3.8902519185093993
33,-0.1787885360787069,51.49551736740047,3.9653471477083686
34,-0.17880994163837308,51.49552198657998,3.761033952291755
35,-0.17886752183099944,51.495495822487875,4.493832042113686
36,-0.17885868558931425,51.49550417327839,4.207683223892887
37,-0.17884984499673287,51.49549095812878,4.5363478423180625
38,-0.17888723688859406,51.495545754762404,3.6247813668143576
39,-0.17890490533572856,51.49554499985615,3.692836859358261
40,-0.17873211182122672,51.495536191208885,3.3538937811445493
41,-0.17873796806005512,51.495526357394645,3.7255657725483524
42,-0.17873325064361067,51.495506114808535,4.3051063784529795
43,-0.17872547475207362,51.49550138890187,4.389463324853942
44,-0.17874900445228525,51.49550577265467,4.352757352678052
45,-0.17872707130545534,51.495492834996845,4.582048894783018
46,-0.17891389502944982,51.495526349536135,9.813904883802657
47,-0.17891881804051407,51.495535463747785,10.998782656665378
48,-0.17889886795289564,51.49551430956378,10.016104779351878
49,-0.1788980145534074,51.495528907738425,8.725872255086706
50,-0.178880927781824,51.495538550140935,3.523748083016645
51,-0.17886869546234005,51.495524844504395,3.8175127409317335
52,-0.17888560059677078,51.495529055163374,3.7594201802536698
53,-0.178912845256094,51.49554630617441,8.554327749628467
54,-0.17889280020084716,51.49553616862834,3.744657002948217
55,-0.1789085615613661,51.49553377629691,4.71889713207444
56,-0.17877216755652803,51.49554716695688,3.552650256776121
57,-0.17876518835817656,51.495538216078906,3.557576047009153
58,-0.17878624540541052,51.49554519584385,3.5118626570206013
59,-0.17888441748187656,51.49551448117391,4.23490248386679
60,-0.17882841439701436,51.49549509593975,4.186552309638719
61,-0.17880956019347558,51.495486182214,4.586456866605935
62,-0.17882414498549604,51.49548097572172,4.855433063747978
63,-0.17877836182680013,51.495515775966226,4.003385628784445
64,-0.17877141218265424,51.495526460453476,3.6802540837014415
65,-0.17872800875142789,51.49554469770693,3.1872077953508393
66,-0.17890644060896405,51.495505459897096,12.601632457744302
67,-0.178839416792763,51.49551800238261,3.756279050856455
68,-0.17884928773182487,51.49551066834681,3.916365836119211
69,-0.1788506473320408,51.49552312500051,3.659371287862249
70,-0.17889094581667192,51.495504481808005,8.767353564623896
71,-0.17890883825853784,51.49550319479882,12.828072626454823
72,-0.1789017505823348,51.49549371179743,9.702371084191146
73,-0.17885714077674267,51.495530868064215,3.5751703084872384
74,-0.17884064559704085,51.495535014786896,3.570830130186915
75,-0.17883542496699173,51.4955287894797,3.6385264485772586
76,-0.17883043783774144,51.495537766100504,3.5132552566325224
77,-0.1787461733253669,51.4955115721871,4.162432841520469
78,-0.17886440922798238,51.49551210902152,4.048863552257744
79,-0.17877747829173546,51.495491071608576,4.398322942598419
80,-0.17879631670609347,51.49548560999838,4.634293243044729
81,-0.17879141353337785,51.49549750339147,4.072118678332159
82,-0.17880242869363977,51.49548843097324,4.491220273176472
83,-0.17880285102896626,51.49548276661339,4.722482686772986
84,-0.1788733884908579,51.495503956526605,4.3310438307101435
85,-0.17887978401120058,51.49549416059278,8.771284745007527
86,-0.17875634353764194,51.495510592688326,4.145669399452126
87,-0.17877880350820569,51.49550932205345,4.16692869689127
88,-0.17876797057665522,51.49551933037364,3.661839936943893
89,-0.17875562781581464,51.495524656575085,3.6964574128736096
90,-0.17883626773889336,51.49554455910936,3.471559858847859
91,-0.17881422617066728,51.495535527053434,3.3934824597202127
92,-0.178847920211981,51.495500519420425,4.2169802454425955
93,-0.17883881644901,51.495487214946465,4.5458721422157495
94,-0.17882987970196554,51.495505970605045,3.86444129093759
95,-0.1787566620167181,51.49550593905801,4.2635930555497366
96,-0.17877851092214495,51.49549850321035,4.19472770174219
97,-0.17882124657987503,51.49552857092908,3.6057404623519256
98,-0.17882714072493278,51.49551796171997,3.7537948753295156
99,-0.17874983847607742,51.495492224405844,4.570856506061209
100,-0.17879883259595006,51.49550387473349,3.8318937400861026
101,-0.17881394823611818,51.49549965752188,3.9933660584681636
102,-0.17876090512790407,51.49549246489047,4.441996928170448
103,-0.17876007029730176,51.49548645679084,4.606594077144694
104,-0.1787634049914038,51.495449535310904,6.658786976014697
105,-0.17874330790383983,51.49545251092895,5.748867950965292
106,-0.17874315485594336,51.495442854907296,7.14013928246505
107,-0.17875292520594616,51.49540836562294,10.51968643979391
108,-0.17873668880219562,51.49541597394287,10.379997203157906
109,-0.1787360220025198,51.49540462205614,10.594054606801146
110,-0.178767021542813,51.49540059908689,11.316439983845221
111,-0.17877126882155223,51.49539944203557,12.891734762571012
112,-0.17876929475429912,51.4954126091729,10.196156931166048
113,-0.1787840308165221,51.49540859474811,15.661688841436757
114,-0.17881620356193237,51.49546455793541,5.257969488848753
115,-0.1788255174124878,51.495458338057304,5.957729022775865
116,-0.17882656017848816,51.49546963559311,4.96833283057201
117,-0.17883183708914865,51.495461436477825,5.780990784135486
118,-0.17888235906567687,51.49547360257001,5.597057661479323
119,-0.1788900258820096,51.495464602801995,9.959225354332714
120,-0.17889282370418838,51.49547821444564,10.756148370359963
121,-0.17874656455915816,51.49539804687236,11.992753405156908
122,-0.17874427212866287,51.49539474297868,13.917469965578956
123,-0.17874902589737046,51.49539304197782,14.375008135996957
124,-0.17888640358992616,51.49536558633085,31.33182477467605
125,-0.17888341503789038,51.495367259665024,30.231864125270633
126,-0.1788680458867349,51.49536438973955,32.245558616412936
127,-0.17888184904208618,51.49535666115123,37.325921183573875
128,-0.1787632985100159,51.495428077311466,7.658289738982346
129,-0.17876643883379797,51.49542133822255,9.279581217540883
130,-0.1787748228417447,51.495423523151125,9.281452032980493
131,-0.17877398896882518,51.49536602636903,14.562745255369684
132,-0.17877561295265068,51.4953576519337,18.225172005562303
133,-0.1787871737050074,51.49536230391593,17.71360500642245
134,-0.17875647359432276,51.49537741130779,14.068141678645294
135,-0.17874280643313809,51.495369329781816,12.695565969375174
136,-0.178766323462122,51.495374781330035,14.5783321158261
137,-0.17875047825351223,51.49536728135744,13.092940819000365
138,-0.178760611928125,51.49535162376296,13.756935409612137
139,-0.1788059267516528,51.49541021024213,11.869701945000998
140,-0.17878702964118764,51.4954170822524,9.483601003918416
141,-0.178803795902217,51.49540417935498,16.259608723193825
142,-0.1787250970694469,51.49548718508787,4.702838167759461
143,-0.17876238048468013,51.49538449501501,15.834537577563498
144,-0.17874596572426257,51.49538050107071,12.331818225562495
145,-0.1788246478478492,51.49543161659489,8.260698854630977
146,-0.1788157974599287,51.49543485100057,7.384621197851265
147,-0.17881773664218792,51.49543087806648,8.741367457351954
148,-0.17879813000551747,51.495436783930046,7.119467737729332
149,-0.17878867206155802,51.495442428685145,6.488401982342979
150,-0.1787898549463838,51.49543644638304,7.174715679901008
151,-0.17887290251830545,51.49544625514629,7.673114716124236
152,-0.17886891847478678,51.49544423788912,7.7937159297367335
153,-0.17887302603974828,51.495443223910435,8.62137878018683
154,-0.17886809402685608,51.49548872355767,4.677082730955837
155,-0.1788504168930339,51.49548386294798,4.719501747199178
156,-0.17880145582649853,51.49546357046856,5.829775999973292
157,-0.17880150159726735,51.49546357623459,5.829228653365491
158,-0.178801478499666,51.49546359889158,5.8280771690706334
159,-0.17882418742427786,51.495480766526555,4.863766508915013
160,-0.17884062956874092,51.4954782774486,4.901903990313151
161,-0.17888777420033902,51.49548361264535,8.47314496897463
162,-0.1788499544067738,51.49537947320062,24.016916251605696
163,-0.17886949489649112,51.495382072907645,27.32269530394415
164,-0.17886317966011225,51.49539336090412,22.41141918031686
165,-0.17887287487684975,51.495375928721984,30.0375973683797
166,-0.17885516494193718,51.49537000140825,28.20217242589067
167,-0.1788737349407476,51.49544086783608,10.49370396161906
168,-0.17886920627086228,51.49544154238337,8.369791954346228
169,-0.17885515976986904,51.495427340624616,9.504996740313388
170,-0.1788730811796279,51.49542467122335,17.91000530897377
171,-0.1787468677356517,51.495483722692185,4.752614456722715
172,-0.17883570023296852,51.495422451292995,9.7557941580298
173,-0.17885079819338948,51.49541691679079,11.559475709272894
174,-0.17875724274925858,51.49541908911223,9.987788549029776
175,-0.17891663199642105,51.495494485271365,16.05661155588039
176,-0.1789086792194308,51.49548630469813,12.834976733119838
177,-0.17891400694697193,51.495429653659095,26.776754056319664
178,-0.17891222301267642,51.49543505019171,25.037510040649355
179,-0.17890449376798395,51.495431021765924,24.32976051499721
180,-0.17889839792334253,51.49537639557046,41.57479114558042
181,-0.17890255776799027,51.495365273164474,38.79265051294231
182,-0.17891467887385926,51.49537269424638,42.36824532691929
183,-0.17882856393505434,51.49535222460706,22.583901602875784
184,-0.17882656522876905,51.49535014842937,20.614470173001827
185,-0.1788321863663398,51.49535094554277,21.641288540496454
186,-0.1787683305471276,51.49539793735018,12.58338662951387
187,-0.17882892162623606,51.49535477456656,19.232026715188567
188,-0.17881543262699856,51.49536645491663,19.199730536577796
189,-0.17882519884056916,51.495353281764466,19.17067968337292
190,-0.1788038640882469,51.49536181603979,19.0090949389188
191,-0.17887983117686812,51.495384027284906,33.76213826010996
192,-0.17886936292387284,51.495394530031874,26.263556008878183
193,-0.17889350202700127,51.495385279173746,36.03203422273743
194,-0.1788894912878535,51.4953929565865,35.891354369749294
195,-0.17888281948402726,51.495378307027345,33.86695547587471
196,-0.17885561406319342,51.49541009548836,15.343995032237359
197,-0.1788643491940569,51.495396737758476,19.453431100833072
198,-0.17887368786603378,51.49540816051157,17.17465332557565
199,-0.17882182512081288,51.495379619308345,17.90033072930722
200,-0.17881917594428134,51.49538495059116,18.706947658345264
201,-0.17881285532509616,51.495382184322025,16.220381173903633
202,-0.17882787067792208,51.495384415524654,20.29637524807199
203,-0.17884223187694331,51.495395001795686,19.689781089662496
204,-0.17875110255824808,51.49546525009709,5.403642175062085
205,-0.17876007750207773,51.49546624845007,5.33371656235281
206,-0.17874989491295076,51.49547000044668,5.292972392693246
207,-0.178736043483219,51.49546751590043,5.164179972849298
208,-0.17872353087040158,51.49546585254583,5.470124745856709
209,-0.1787375349424468,51.49546099379094,5.739360962383664
210,-0.1787417062439863,51.495391261001934,12.81307931156155
211,-0.178882893047388,51.495350446507274,33.67408543062961
212,-0.17886146118727195,51.49535383609542,27.169781919668246
213,-0.1788403765967681,51.49537187469022,20.220929596691402
214,-0.1787751533925795,51.49544994595175,6.575821539652776
215,-0.1787950545396593,51.49545325934688,5.955418760552064
216,-0.17873430976245194,51.49547433559163,5.00530034664698
217,-0.1788565134431441,51.49535230543803,25.804277797842325
218,-0.17878497518906458,51.49537125327246,15.232909238043312
219,-0.1787957337202597,51.49538064067042,16.864470049346238
220,-0.17878038463858809,51.49537913358368,14.963051293840445
221,-0.1788579304153049,51.495355813025654,25.870252915994218
222,-0.17878373095794498,51.49546214350112,5.435188460251373
223,-0.17882692849125165,51.49537070057194,20.830224520059467
224,-0.17880176429923858,51.495370363528096,16.639794172733588
225,-0.17875859561552787,51.495479401301175,4.799541870943515
226,-0.1787738454226501,51.4954698505633,4.870871930591868
227,-0.17876653974077766,51.495461210295325,5.702613869928616
228,-0.17890454400960776,51.495437086630176,21.24755091886005
229,-0.17887692280610895,51.49544506504905,11.09882542576921
230,-0.17887689900514478,51.49544219173084,12.559067345437349
231,-0.17879210912464263,51.495390690934016,14.11925054608745
232,-0.178790841393153,51.49539427323524,14.75149817230883
233,-0.1788437195592456,51.495399297261585,15.927126639272108
234,-0.17883671570726778,51.49539943725984,15.457235125378713
235,-0.17878228647577782,51.49535052462925,17.394129295977084
236,-0.17887669394430497,51.495379915506625,39.749605716378994
237,-0.1788925357731253,51.4954618358431,10.58407618100092
238,-0.17888999569775638,51.49546224240441,10.415469813553552
239,-0.1788757767653775,51.49546224195955,5.623613895352525
240,-0.17888454088002137,51.495455979469824,9.759516501084548
241,-0.1789192745297266,51.49545300177497,24.582670486274225
242,-0.1789183315585267,51.49539130204046,43.98895769358154
243,-0.1788989486932886,51.495399348305966,41.11911945833902
244,-0.17872187328486877,51.495400782092915,14.129693122977354
245,-0.17889759190929422,51.49535528346819,36.69307246419254
246,-0.17883868687518945,51.49544447137044,6.422332875821649
247,-0.17885173937720672,51.495450328447255,6.483073276137939
248,-0.1789191911774787,51.49538965654388,44.019109542525634
249,-0.1787208067241165,51.49549009583395,4.65396572519037
250,-0.17888515026597754,51.495403113201505,32.74397401458026
251,-0.17876955069350453,51.49544442670795,7.144227608940705
252,-0.17878149134866356,51.49543535493439,7.216900930702067
253,-0.1788074352104114,51.49544587022997,6.781498555038466
254,-0.17880963372929787,51.49545509598031,5.781074476868802
255,-0.1788819775343712,51.49541341976994,19.439032109098683
256,-0.1788634058502272,51.49541503887556,17.472374648724244
257,-0.17888562236217828,51.49547869384591,9.881375861247246
258,-0.17883090851312428,51.495353032629914,20.646612385136002
259,-0.17884679579059345,51.49536624687639,24.791143900785354
260,-0.17872211394923085,51.495452538248465,6.730218613077314
261,-0.17887876447517903,51.495479422204376,5.317654069291155
262,-0.17880808878077456,51.49547251792128,4.853423401302384
263,-0.17879180124481778,51.49547226039766,4.830506395322028
264,-0.17875214145312857,51.49546070703212,5.80429238085627
265,-0.17890671686433787,51.49542536408684,26.52763816547868
266,-0.17872280325853176,51.49541990812433,10.003266302682505
267,-0.17872336762609284,51.49541235857554,13.708839609587343
268,-0.17881680060925476,51.495420818578175,10.269088560904166
269,-0.17882813839749417,51.49541535421506,12.9791773046943
270,-0.1788261823937085,51.49542143422148,10.417752076002193
271,-0.17873306748494902,51.49538187289509,12.173917015011071
272,-0.17872676953151728,51.495391698626584,12.15633366820435
273,-0.17888775085848044,51.495368296599324,31.901453692059906
274,-0.1787229811602498,51.495382029246194,12.318482175445292
275,-0.17873165615815606,51.495398329917585,14.259603089430843
276,-0.17877580406472077,51.495479221506024,4.614603003731853
277,-0.1787865342329033,51.49539206754664,14.29949658833296
278,-0.1787785718112237,51.49541487808605,9.481713715635863
279,-0.17873462211110758,51.495371736321694,11.343186111214592
280,-0.17873364798558858,51.49543915566452,7.777740511486519
281,-0.17883317616542238,51.495455060919305,6.209797397110341
282,-0.17882421423594752,51.49544757708324,7.0279092361430555
283,-0.1788240309871566,51.49544907518098,6.966860889222703
284,-0.17882220526064302,51.495448223993854,7.001336936851663
285,-0.17885513397202552,51.495354558497425,24.730501759362838
286,-0.178791983163319,51.49543120880041,8.694636739478266
287,-0.17890850393535176,51.49546578848535,14.68904967766333
288,-0.1788944685329358,51.495409401971756,28.640452341872642
289,-0.17890773974429558,51.495456060749575,18.889698572645816
290,-0.17875012385887143,51.49543706193944,7.690611216045919
291,-0.17879596815166873,51.495392379868605,15.637413149446836
292,-0.17872786818621406,51.495432162046214,7.319342337680612
293,-0.1787312763467443,51.49542295456664,8.271620135267376
294,-0.17874079869127293,51.49543555777296,7.834615827306161
295,-0.17872761012717603,51.495350411633744,14.13067807188245
296,-0.17881410297338152,51.495406269628866,13.824076817711894
297,-0.1788226351453022,51.495446200014065,7.088823369207496
298,-0.17882402079353008,51.495437489549914,7.005547116221492
299,-0.17889781521057152,51.495428227352946,19.97028914564919
300,-0.17873868681255808,51.49536346169595,13.808178637394668
301,-0.17875929749658043,51.49546104645246,5.658704103825279
302,-0.17876924402391153,51.49544981226327,6.539992996609839
303,-0.17881241806239168,51.49540099509839,17.74953654645877
304,-0.1788354324922776,51.49539542022482,18.446830157514704
305,-0.17877764992991813,51.495377832494235,14.796232967371726
306,-0.17886327226628354,51.495456167943686,6.133960526011742
307,-0.1788464344741335,51.49545655205683,5.897071887661596
308,-0.1788626324529615,51.49546475364723,5.406741998481634
309,-0.17884418593405635,51.49546725773298,5.177030717553622
310,-0.1787893141003875,51.49535335250628,17.083154611731555
311,-0.17881092423012407,51.495430431027955,8.633418172151714
312,-0.1788005762958038,51.49542182373085,9.37348263424251
313,-0.17885668123938053,51.495474388642705,4.944160935063211
314,-0.17890834257538707,51.49547750322689,12.494761954284428
315,-0.1787517215936935,51.4954262099347,7.837067179074669
316,-0.1788396810966838,51.49543515952154,8.412435490079181
317,-0.1787767583108492,51.49538002903565,15.080296863142134
318,-0.1788238404274845,51.4954808206729,4.8616078636108355
319,-0.17872617424172776,51.49550607539954,4.243397340183617
320,-0.17872636603403005,51.49551652689637,3.749533436624275
321,-0.1788437821835091,51.49541033199373,14.550189199231983
322,-0.17888370179989999,51.49540830874907,25.89070861487226
323,-0.18009525797004775,51.501401689567906,19.924257127796686
324,-0.1800976554303006,51.50138726906932,17.774922081690157
325,-0.1801018998642288,51.50140247002572,17.18228313348082
326,-0.18010302611624024,51.501387900153524,15.557740448047163
327,-0.18013343281821878,51.50146780884303,24.27396935368629
328,-0.18012586044139003,51.5013950158483,19.90114937963677
329,-0.18013125985197279,51.50138528692255,22.14492706929466
330,-0.18014481344040165,51.50139502036556,20.498855733651542
331,-0.18018793180354917,51.501456333142826,24.051511282241627
332,-0.18017817635352187,51.50145023114998,34.38661784097543
333,-0.18018356459125015,51.50144157969811,22.29181001679489
334,-0.18002357304969846,51.50145734667986,25.45834531148612
335,-0.1800669443910533,51.501455494101265,23.002680637375875
336,-0.18009032539476683,51.50145202039227,20.015611155927928
337,-0.18008375414358663,51.50146433474416,23.135959298318078
338,-0.18018921744472352,51.50144197356027,22.356009569816074
339,-0.18018763865880694,51.50143838164822,24.524557505482996
340,-0.18015534682860576,51.50142768113536,24.92891691986641
341,-0.18015705235709273,51.501442571515504,31.717728669844952
342,-0.1801428110303346,51.501438824582294,30.920529463109915
343,-0.18007047690102182,51.50139657554688,19.246906013100475
344,-0.18009238276791018,51.50138695095431,14.244999164984758
345,-0.18008873730099614,51.50140129615696,15.558824592780343
346,-0.18019981328711593,51.50139727716704,33.411921638982925
347,-0.18021437665227,51.50139182969993,42.52811587786356
348,-0.1801958950275579,51.50139444989844,35.173163953487595
349,-0.18020018416921962,51.501433031335175,37.85756964042608
350,-0.180185115075736,51.50142109778938,25.313956625062808
351,-0.18009443672632355,51.50140550697938,16.483889249089707
352,-0.18013634929744718,51.50144619242787,25.275343654838323
353,-0.18015130545074362,51.50145804217856,23.527982392406834
354,-0.1801254261494046,51.501455810040994,22.946865591986366
355,-0.18009325255332212,51.501462858837215,21.682434474215516
356,-0.18008536526129656,51.50146920330115,21.949411437982313
357,-0.18003056946148555,51.501439393837224,21.20074632508277
358,-0.18003370230336882,51.50145115914046,22.908474612919616
359,-0.18002092006652962,51.50143648437917,21.417469003143374
360,-0.18009629326001658,51.5013784225333,15.539902375351838
361,-0.18007500832814527,51.501373101979596,13.152616662849764
362,-0.18009611013473623,51.5013639224345,18.90834726863073
363,-0.1801720536190614,51.501363416882,42.26960803262229
364,-0.18017028240682656,51.50137316253012,35.43214769279312
365,-0.18015713852382137,51.501368017967216,27.260131007604954
366,-0.1801332841634153,51.5013775303789,32.11972116233108
367,-0.180118731416187,51.50137053743857,31.27075285101221
368,-0.18013416640726315,51.501367525165215,34.30302609046934
369,-0.18016689377105044,51.50138351192084,41.773000984829636
370,-0.18015541682785927,51.50137327627566,30.481785744337984
371,-0.18014901141016373,51.50137024324229,26.825932278366967
372,-0.1801903943974494,51.50139695691641,33.94544195469044
373,-0.18002869645773087,51.501465133461416,26.28840131417312
374,-0.18008102405785723,51.50135838991555,19.319020705776808
375,-0.18020989592340222,51.50146942918131,26.066157135873727
376,-0.18005290764743148,51.501444557768764,21.42901665791509
377,-0.18003094194390298,51.50143348263342,21.38681538595413
378,-0.1800496011010221,51.50143006731458,20.127096559003817
379,-0.18015219800145632,51.501460495477325,22.26333974726943
380,-0.18006375064477692,51.50144956644317,22.013645798269533
381,-0.18005793867832756,51.50145669611598,24.227963291233458
382,-0.18015308378258946,51.50145601447552,25.081592502492978
383,-0.18020104341639107,51.501423746262205,33.18988072768935
384,-0.18018549856077604,51.50141695384265,23.230757650111038
385,-0.1802061134798019,51.50141472209522,33.32302379285943
386,-0.18018346195910778,51.50139257798838,35.425111830774725
387,-0.18015696614812413,51.50139373983065,34.554144660772224
388,-0.18019758691891838,51.50140720730772,40.690994339119314
389,-0.18018159019080693,51.501413509243704,26.608058639135436
390,-0.18014723050007136,51.50138265194004,39.91754786593878
391,-0.1801474214382178,51.501383690425286,41.01592076944683
392,-0.18014631489321664,51.501383700568994,40.89910676292658
393,-0.1801993679479777,51.50137563491434,36.933345376472715
394,-0.18019302594167616,51.50139111359067,34.41972548691551
395,-0.1801835302454409,51.50138096461363,40.0241388445156
396,-0.18007112745703696,51.501381565791654,11.867523166178145
397,-0.18019527034710386,51.50135638240056,31.16532995454693
398,-0.18020080957410697,51.501369295941466,34.46450281961212
399,-0.18018557454879716,51.50135744026943,30.599660189840797
400,-0.18019051215386123,51.50137041945098,33.863733547630524
401,-0.18010574132132287,51.5013849790632,16.67322060280101
402,-0.18009854459421962,51.5013834522705,18.9274244452611
403,-0.18009237604709455,51.50145170175227,19.70180337663684
404,-0.18012121648293122,51.50143728659533,21.13776982026822
405,-0.18011548917622341,51.50144996201992,20.229925213086638
406,-0.1801059526984493,51.50143891073206,21.951803870203396
407,-0.18016061514945567,51.50142334933776,31.551322133517864
408,-0.18014957845394297,51.50142311050093,17.77490515844518
409,-0.18005251848799117,51.50145073367811,21.23461537047038
410,-0.18016759371975946,51.50144824468746,28.62994142861011
411,-0.1801558038489436,51.501457478366305,24.28482787331258
412,-0.1801785287158811,51.501418892005525,29.305831610606074
413,-0.18017342753729235,51.50141423577295,24.07807834866255
414,-0.18020746632305923,51.50137723775484,37.37869224068634
415,-0.18021005756960562,51.501386807270386,41.393900346053265
416,-0.18018857269614244,51.501461014479716,25.461657574258986
417,-0.18019573091786964,51.501456876545014,24.140085926486005
418,-0.18021118348601567,51.5014530168742,34.33128548315398
419,-0.18004656433634772,51.50146731625126,27.94529754322355
420,-0.18011411803664235,51.5014131073061,19.142717416687294
421,-0.1801210711586604,51.50140016828869,17.933581286811567
422,-0.18017943623970578,51.50143935789445,23.50109102214003
423,-0.18010666120243257,51.501381454367625,21.205924389551082
424,-0.1801343302525186,51.50140126423409,27.513631032388567
425,-0.1802033616454756,51.50146580720065,26.772325229039073
426,-0.1801014822884243,51.50135285330449,16.522931613530417
427,-0.18010391490212027,51.50141725923914,18.1879172045768
428,-0.18007966314930293,51.501413020903136,17.68684613062986
429,-0.18008799038493567,51.50142400660287,20.37631238066366
430,-0.18017629310157246,51.50146747785894,31.655616417169654
431,-0.18007268292353423,51.50140786380438,16.553896677159592
432,-0.18012363086328725,51.501450604544466,20.313094305256428
433,-0.1802153762708587,51.50140781215973,39.68334070619484
434,-0.18010462989302506,51.50146902287292,23.7958397093277
435,-0.18007892805655348,51.50143979867691,22.859836567557938
436,-0.18006024409716836,51.501434983605,20.7009423026736
437,-0.18007804562323348,51.50142979865645,22.145352894359057
438,-0.18005959654716264,51.50142764532393,20.176635179096237
439,-0.18006332009335246,51.50141197437573,18.625233039113432
440,-0.18003789589083993,51.5014083844788,20.261284451816906
441,-0.18004835490008578,51.50140379265393,17.94744104180978
442,-0.18011554048903242,51.50145683359814,20.48030651153885
443,-0.18008955462249343,51.5014505898248,19.77691972127891
444,-0.18006352456008828,51.50140025413723,17.99835859608019
445,-0.18005025943021308,51.501390492573165,16.379006482715653
446,-0.18013205580600125,51.50140989466767,16.932536798605277
447,-0.18013908624517058,51.501410475776,22.012215893821875
448,-0.18013562339721959,51.501423838420855,21.429734118158635
449,-0.18012075566526023,51.50142127969897,18.928129713867826
450,-0.18013572757537888,51.50141441542803,16.813832313625664
451,-0.18015429386389056,51.50141757941836,25.073185696266492
452,-0.18018265387963003,51.501436712237435,27.545741834903918
453,-0.18017527609394277,51.50146004921249,29.417905606801476
454,-0.1801091668354236,51.501425810549414,19.52498323451737
455,-0.18011197334555434,51.501419367903495,21.198221976659887
456,-0.18009448041974896,51.501434573821435,22.028581735020918
457,-0.18013437656129302,51.50143214143782,20.459993193257556
458,-0.18013361529112384,51.501438265082164,21.264426357260763
459,-0.18009236070534013,51.50144964711438,19.626938056125095
460,-0.18015334333293048,51.50140131307155,28.16533484128785
461,-0.1801670274005593,51.50140009510219,32.40665542916936
462,-0.18007245385626228,51.501417219758366,18.96928346627257
463,-0.18005035073991862,51.5014223355952,19.82836428848329
464,-0.18015610991022762,51.501459713972544,24.958253396477268
465,-0.1802147417443303,51.50134723338437,28.694697353446625
466,-0.1801469940850397,51.50138434073639,40.56359783648962
467,-0.18002016831712836,51.50142908041204,21.504389723063845
468,-0.18006902663929603,51.50137686948234,14.439607337593772
469,-0.1800471296905763,51.501383496135844,20.21082912328436
470,-0.18004252722756273,51.501388702017955,20.141353467321135
471,-0.18020987243850994,51.50137166874746,40.59174736937648
472,-0.18007209508167976,51.50141240277767,18.92570382477707
473,-0.1802105240103811,51.50135014118566,29.421737263326712
474,-0.18010146371234798,51.50137923943214,15.6606933483462
475,-0.18010739127865782,51.50136570478426,19.171894956074333
476,-0.18007724260446636,51.50137809361372,16.51447610301433
477,-0.18011883018615737,51.501350111190625,27.04111704971186
478,-0.18010970341207946,51.501354152190316,16.714991802512337
479,-0.180108512652643,51.50134529515742,6.401582647503585
480,-0.1801221016490102,51.50136238371219,21.4310671560072
481,-0.18013542579671685,51.501356484268456,36.50614335430727
482,-0.18014959830359115,51.50136509801341,27.852619026451862
483,-0.1800395064022893,51.501401743597285,22.252955440612826
484,-0.18003890899289474,51.50145889504903,23.71756615874519
485,-0.1800270248886967,51.501421483899236,19.92611261580236
486,-0.18003400922984425,51.50142433777727,19.84989135718188
487,-0.18003448311980705,51.50141945012865,19.66104611848705
488,-0.18012423941707598,51.50146876072432,21.980135596455376
489,-0.18004141532521226,51.501335010604194,2.9942715073096795
490,-0.18004628200340964,51.501343333425446,3.986492445382067
491,-0.1800257256806396,51.501339989245125,3.654795085006104
492,-0.1800365241694111,51.50134642978344,4.397290706579098
493,-0.1800306114745123,51.501322585082875,3.0612959479632686
494,-0.18002252664751955,51.50132020765879,2.9850279416868304
495,-0.18003012390227052,51.50131755280672,3.018843086471902
496,-0.18007217091159214,51.50134585232804,17.457765783607453
497,-0.18006481527104196,51.501354971390185,25.742926669836077
498,-0.18004745739119918,51.50135076398347,19.366644423037034
499,-0.18008206905318977,51.50134793990245,13.534909379271085
500,-0.18002349237131826,51.50132484411825,3.3610055252604707
501,-0.18005104329132385,51.501332057953306,3.180677751243651
502,-0.18003195052933502,51.50136798429716,22.71841384813525
503,-0.18003564045145817,51.50138027517604,19.183359143513012
504,-0.1800599417692361,51.5013677220237,23.13011310843729
505,-0.18002487621724836,51.50141193478928,20.724005440982857
506,-0.1800280882818641,51.501406645297976,20.927263922590875
507,-0.18003385305555256,51.50138793711165,19.156712791120903
508,-0.18005360079731264,51.50136185503135,24.997249032705884
509,-0.18005742113174866,51.50136365313899,26.707048845314535
510,-0.18005435628866287,51.50136472687726,27.141467020119677
511,-0.18003996458032512,51.501385430412554,21.588221965760216
512,-0.1800295799433545,51.50140086826165,21.126162875659702
513,-0.18003724868444515,51.5013555468043,15.957622330297681
514,-0.18005079763101778,51.50137326800399,24.403889774629214
515,-0.18003703447361577,51.50135083033627,6.600682386635841
516,-0.1800211960549247,51.50131536160998,2.7925171978899126
517,-0.18007876995166142,51.50134141621961,3.8430155939349424
518,-0.18007110628162978,51.50133912198087,3.5269459708663238
519,-0.18008820387213045,51.501341344534424,4.7028462424157444
520,-0.18009723927484883,51.50133188802075,5.214832663937848
521,-0.18007624135237232,51.501327359658774,3.9997333670063497
522,-0.18009828308670556,51.50132674016673,5.150420001953391
523,-0.18007763593606885,51.501320481888904,3.913675082543227
524,-0.18007246063171037,51.501301638165614,4.179921874021391
525,-0.18006854738331246,51.50130453151317,3.9231169613502024
526,-0.1800674209096224,51.50130087663738,3.9467826965139756
527,-0.18003944364765417,51.50129366768476,2.8950442428721415
528,-0.18003080493994825,51.50129745992417,2.584654753476746
529,-0.1800293551778433,51.5012907471505,2.449185827540708
530,-0.18006713122598061,51.50132463239973,3.624008007800626
531,-0.1800664116538298,51.50131720569375,3.5613554592036465
532,-0.18020294514743898,51.50133015223586,26.976515179944812
533,-0.1802042949754151,51.501333979295644,29.57275026661386
534,-0.18019082847447648,51.501351246968014,25.761175015595313
535,-0.18018953944398886,51.50134046239249,32.451048688350305
536,-0.18020752980478202,51.50134667946222,25.778871390221333
537,-0.1801125449645211,51.50133103108171,14.709479480597238
538,-0.18013560004296156,51.501337806406156,22.275104146316394
539,-0.18011741505185674,51.50134427358609,17.64517352085879
540,-0.18011175300880342,51.50132630736691,15.189230276767404
541,-0.18010563307129349,51.5013318242378,5.979864017689967
542,-0.18016072051488016,51.50135043633437,36.743100693068634
543,-0.18016265591828806,51.50135491130213,30.773609230308917
544,-0.18015349442933593,51.50135136351074,31.493491891183048
545,-0.18013743688637343,51.50134538360098,34.47101372630442
546,-0.18019800043046452,51.50133349583447,27.027831088024044
547,-0.1801678089156053,51.50134883697883,26.02807430770947
548,-0.18015872674111574,51.501346209166,25.42669468164999
549,-0.18014565293241244,51.501337289985,24.944616967616394
550,-0.18016555593638714,51.50133424848676,24.435567448978333
551,-0.18017376710626876,51.50133662428543,24.97927329534614
552,-0.18004141506194377,51.50130006400806,2.8536273270331014
553,-0.18004944550668472,51.501312509188686,3.1516033370022507
554,-0.18007371205457146,51.50130603900166,4.085231165498692
555,-0.18010495715376235,51.501326812182256,6.022152195054723
556,-0.18005009069755007,51.501320061627645,3.2088872313758103
557,-0.18005046232002245,51.501323897158464,3.241244211690582
558,-0.1801483332460272,51.50131925389847,22.4552796416771
559,-0.18014566373392724,51.501325949311614,24.074983350035847
560,-0.18013542888665773,51.50131930952399,22.39497672115858
561,-0.18011489335651557,51.50127407896522,15.925386063996715
562,-0.18012754815433063,51.50128314996424,20.69963737977987
563,-0.18011781290990306,51.50128525072622,17.657826067961427
564,-0.18009722770243325,51.50129632912096,6.061437561987592
565,-0.18009302356287019,51.50128718262272,5.869075519341708
566,-0.1801045748415608,51.50128955491274,14.552557972501333
567,-0.1801218508667913,51.50129163181603,20.45394840782451
568,-0.18015951400118121,51.50131079751494,23.630064837285076
569,-0.18015751811628616,51.501306291502516,24.036317703008578
570,-0.18016496287492134,51.50130828996043,22.992460182469145
571,-0.1800521833169571,51.50128867904609,3.472352576403717
572,-0.18011226479331463,51.50130971955605,12.336678285231887
573,-0.18010822742389332,51.50131001946346,6.890580005508075
574,-0.18010775429084538,51.50130737717716,6.918677376561328
575,-0.18008574684343923,51.50129229139604,4.951554778651193
576,-0.1800773254125397,51.501303349070156,4.650212140715569
577,-0.18013462163706084,51.50129568306636,19.126491573399726
578,-0.18014375630941412,51.5012986334056,23.229879863568165
579,-0.18013614647714896,51.50130034067246,22.41246186193954
580,-0.1801366199753364,51.50132641389347,21.673441416245552
581,-0.18017247730031627,51.50129259311759,29.537421427148978
582,-0.18019080814956312,51.501293773270746,30.535759072971047
583,-0.18017679784698776,51.50129921472925,27.00317584662886
584,-0.1801926332081887,51.50129657032919,29.465259319819257
585,-0.18015287076097877,51.50131082615212,23.599020532919102
586,-0.18003608773353277,51.50128598398421,2.885928075227543
587,-0.1800666406143528,51.501290863620895,4.141152034077677
588,-0.18013732885513864,51.501304904982156,22.625082740551466
589,-0.18019708255158148,51.50133026079244,25.76154812871906
590,-0.18017238370605504,51.501331748515355,23.07076510265189
591,-0.18021742594537238,51.50128164359151,37.118329041628016
592,-0.18019929640845755,51.50129580756193,31.12445788658496
593,-0.1802125317931314,51.50130830082646,31.422890592616127
594,-0.1802029606289612,51.50130939648239,29.03958268882161
595,-0.18019530571017014,51.50129227391512,31.9956024339877
596,-0.18021902529353478,51.501293639374424,35.7325743651496
597,-0.18020965789950621,51.50128534482382,37.77741757303496
598,-0.18021505711049166,51.50127171830599,38.36074212775662
599,-0.18021064418335053,51.50131446703285,31.495875216702427
600,-0.18008435779673282,51.50127770220799,5.602108654261795
601,-0.18010524425270516,51.501272097325895,8.671830034452855
602,-0.18013939066712675,51.501276189138196,26.230606422505943
603,-0.18020894692426354,51.5012746296203,38.8791678166624
604,-0.1801853352080504,51.501306470509185,28.129681178579695
605,-0.18011076283275584,51.50130460324193,10.395661814627685
606,-0.18018442982716815,51.50127119612306,35.03716811271089
607,-0.18017964045342047,51.50127417276417,32.758403242659426
608,-0.18019017009128657,51.501275999363365,34.28633495987017
609,-0.18015922600117895,51.50128211288925,26.801003237110727
610,-0.18010426240783736,51.50130997667971,6.372689882296321
611,-0.1801534631628663,51.50128094040913,25.297788440492713
612,-0.18018219560094492,51.50127865782638,31.697929535633477
613,-0.1801607804857169,51.50128484148519,26.155838501838666
614,-0.18007444338330522,51.5012754057441,4.86632001300117
615,-0.18007816251012876,51.501282051738755,4.820945582205913
616,-0.18016047687716302,51.50129483355711,29.29160062693903
617,-0.1801553124527359,51.50128586234874,26.04382941427784
618,-0.18011160881196073,51.501307187279394,12.218716337790038
619,-0.18016906719398892,51.50131945716951,28.2033262311169
620,-0.18016726445403383,51.50132996334342,23.398938056559576
621,-0.1801789955389032,51.50132291935578,27.566863160982898
622,-0.1800474143625678,51.50127697072843,3.5893861236499394
623,-0.1800613307361676,51.50128137498624,4.2059341164311626
624,-0.18005510048941858,51.50127083348527,4.205778738243447
625,-0.18014871479325048,51.501283731420585,23.08009274302667
626,-0.18021636829993115,51.50131152181489,30.83713483034348
627,-0.18018220496028553,51.5013134112095,26.66599922169504
628,-0.18020119000484902,51.501314642094655,29.536586254928473
629,-0.17469192287655735,51.50155113714676,73.33267824323154
630,-0.17470181866522408,51.5015498066054,79.216254166629
631,-0.17466351955132722,51.50154150726359,75.73791800645338
632,-0.17466148258340072,51.501554175740104,78.70467123437733
633,-0.1747222999193719,51.501548146196974,76.9760448914356
634,-0.17476443263453578,51.50154032427847,57.12180291784068
635,-0.1746823540067776,51.50154415727541,81.57631683380166
636,-0.1746713508623557,51.501551116360275,76.47311495872808
637,-0.17473605092381644,51.50156680643345,49.88339303365056
638,-0.17473273960416805,51.50155406697644,57.71015313879096
639,-0.17475212956930777,51.501557459853736,54.317883788400025
640,-0.17477053573755333,51.50156393437421,44.839298949546745
641,-0.17476281509275712,51.50155410748825,54.25191940396694
642,-0.1747789431364361,51.50156129672279,44.78739799452202
643,-0.17477388976439842,51.50154635134879,52.89338652732749
644,-0.17475322970799248,51.501547998679655,58.537680337357116
645,-0.17473346718109817,51.501547809850166,60.500906201132366
646,-0.17466168750598063,51.50156372491407,68.01446332057613
647,-0.17467228440232602,51.50155705855499,81.52847898261787
648,-0.17468224705810648,51.50156891841704,64.1705774135518
649,-0.17467957756965344,51.501570597755126,60.76623081398671
650,-0.17468528720914214,51.50156969086788,62.820211002135835
651,-0.17470353100923572,51.50155918003945,73.06028391442271
652,-0.17470690055045335,51.50157450271475,64.84591963183365
653,-0.1748056059257427,51.50154090704293,28.747171142026716
654,-0.17479001291404603,51.501547256863354,40.492763188424625
655,-0.17478842352526724,51.50154621954344,41.651357628803176
656,-0.17481732795479277,51.501548741036075,26.76115676314313
657,-0.1746927563503688,51.50155644238221,77.84614477815754
658,-0.17478821819290863,51.50154753594714,41.82140707076906
659,-0.17472788483399562,51.50154736296111,64.59384192026134
660,-0.17472782975557657,51.501551169124575,61.97454086215056
661,-0.17465718683046716,51.50157477037657,68.17364058317708
662,-0.17472348479377042,51.50155463222735,72.71636685890044
663,-0.17480488811056602,51.5015505914312,31.982379188118095
664,-0.1747881902472,51.501559858774044,37.941703086806115
665,-0.17483000056399184,51.50154699470549,11.228843190362806
666,-0.17472225625350804,51.50156764896268,72.25075697063767
667,-0.17468245056888934,51.50157079532915,60.778801786795896
668,-0.1748389876416722,51.501573048578734,23.057087468909536
669,-0.17482036944072646,51.50156704384746,27.971348079332138
670,-0.17483564622234743,51.50156336168298,25.94958311060377
671,-0.1748200455707137,51.50158347565227,25.852275893014635
672,-0.17481904352368693,51.50158037242645,25.616075188157776
673,-0.17482489911072968,51.5015822100042,25.0377143954247
674,-0.17465491126563304,51.50163595242254,70.6607586729117
675,-0.17466540141565587,51.501626849004836,65.89240953773684
676,-0.1746818463996361,51.501638784404335,66.42332277974708
677,-0.1746634717566925,51.501645534994516,65.9710498958965
678,-0.17470599387001792,51.50161261337883,54.86789968806124
679,-0.17470359725733936,51.501601031079204,51.71195428417394
680,-0.17471929706385605,51.501612094302544,43.29931290081562
681,-0.17471539557879553,51.50160057072158,41.45201656984149
682,-0.1747206263770077,51.501589502123416,48.619004652662355
683,-0.17470382422115613,51.5015811584976,53.08948576772032
684,-0.1747297047259656,51.50158836037868,39.4982511094688
685,-0.17471301540289375,51.50158000256349,43.855371100190666
686,-0.17482390502963607,51.50157932812533,24.5807723178358
687,-0.17465009771653847,51.50165327850304,63.844470637884974
688,-0.17472979091541951,51.5015744258207,46.38641137557427
689,-0.17477601529187617,51.50156952803841,41.12921239075769
690,-0.17477791987934635,51.50156533600815,42.692402566466995
691,-0.1747862813667707,51.50156720840844,39.067405410289865
692,-0.1747625089336597,51.50160390727653,33.92791129556733
693,-0.17477594362690038,51.50160781519723,32.431606997850466
694,-0.17476200592207197,51.501616115511844,37.13523346614383
695,-0.174776936637679,51.50158048129563,33.510797840428
696,-0.1747852896976491,51.50157859391382,31.833195322428317
697,-0.17469848545738387,51.50157777917833,58.78993528134394
698,-0.1747592889217585,51.50158008663523,39.59429386261979
699,-0.17474782090325264,51.501580620687434,40.60022500863044
700,-0.17475329052347804,51.501573963320475,43.65567900381628
701,-0.17482526797340936,51.50155692203204,27.261309365319192
702,-0.17483305477584737,51.501555848982825,17.717336660011803
703,-0.17480144148178564,51.50157857437526,30.160265735336672
704,-0.17468070357432697,51.50158476376907,62.74956108725952
705,-0.1746870906368142,51.5015888066395,55.92979308137758
706,-0.17467529390022438,51.501592078526166,57.123571641724325
707,-0.17465620128990408,51.501605394076876,60.21224112312679
708,-0.1746517296957506,51.501610640983856,62.78851558430678
709,-0.17465193391042202,51.501592890157546,59.721296366663964
710,-0.1747929943120804,51.50171056286688,52.064079205605076
711,-0.17479051496485518,51.501710577156956,53.203237053550026
712,-0.17479128745693967,51.501709081844055,51.01824754965531
713,-0.17480744560404332,51.50169300529854,40.70454667156325
714,-0.1747803839233487,51.50168878668264,46.53381590786612
715,-0.17481671026188228,51.50169373241171,37.88122703471476
716,-0.1748120137482422,51.50169696903536,43.503559661622305
717,-0.17481490226569593,51.501642074210785,58.87195868638675
718,-0.17481202362280743,51.50163704140996,56.73890833790141
719,-0.17484184577668863,51.50164334540969,56.189401734083646
720,-0.17484362483142263,51.50164645576974,57.507664798359734
721,-0.1747846510274196,51.501643498832884,52.18037576078541
722,-0.1747852861723142,51.501645577130894,50.80669526630267
723,-0.17478049356286152,51.501645744592786,50.843513868141784
724,-0.1748471843223647,51.501642168360306,59.00925183215914
725,-0.17478623688832473,51.501657196174975,46.099850893780925
726,-0.17479211269937048,51.50165699086393,46.05471074712527
727,-0.17480549615719632,51.50164399839011,55.5880071259913
728,-0.17480418059056674,51.501639693646986,58.43328816272894
729,-0.1748303235127743,51.50166094093456,42.93223560022911
730,-0.1748325071076514,51.50166356902433,43.56646069720591
731,-0.17482452684241176,51.50166201706528,43.39119326578444
732,-0.17482858888031141,51.501658055140474,46.90691070864605
733,-0.17472173378014064,51.501737941384405,72.2546752796399
734,-0.174650757669894,51.501678441638674,72.37915191569822
735,-0.17467908236273358,51.50167778760571,59.15026401729338
736,-0.1746734197744708,51.50169429673117,73.60832654996581
737,-0.17476667491666967,51.50168994682127,48.54480217877338
738,-0.17476578329656156,51.50170583908281,59.222014120196874
739,-0.17476269131013036,51.50170610074497,59.675580161615294
740,-0.1748006967130312,51.501680101404915,39.75418358792806
741,-0.17476488181478836,51.50170758407908,61.77184765537675
742,-0.17483657440819822,51.5016802138215,34.18898035903869
743,-0.17484103390497924,51.5016810810797,34.28692249269278
744,-0.1748377886715336,51.50168178331484,34.315763302142095
745,-0.1746721127908237,51.50169713572793,74.909032840906
746,-0.17467619161923426,51.50169755995886,77.11391359165692
747,-0.1746754922002451,51.50169965925248,75.05859260986148
748,-0.17467350449070146,51.50165835259132,58.822251517996904
749,-0.17467903708444105,51.50166419664034,55.133417639413125
750,-0.17467196468103283,51.50166336301124,63.552519968571175
751,-0.17468891421289887,51.50173023663871,78.74051346230144
752,-0.1748410246541949,51.50162679107553,68.85187900245568
753,-0.1748283720938467,51.50162958072802,62.16872303110351
754,-0.17484548050814874,51.50164954293602,53.25563450494691
755,-0.17483152310794706,51.50173212184057,69.45033535743211
756,-0.17471393035668561,51.50173173158034,80.93146615830719
757,-0.17472204756204981,51.501733148554536,83.28786972046855
758,-0.1747126559749604,51.50173724414257,70.78482006911189
759,-0.174826579599362,51.5017307957795,68.17934308256523
760,-0.17482986857228333,51.501729972621774,68.13998300006664
761,-0.17467944436857782,51.501715357270406,82.29904833757398
762,-0.17468764949249144,51.50172592687814,76.6725546923183
763,-0.17466187634997923,51.50171610873488,82.83883564257675
764,-0.17469387277112824,51.50173049932207,77.15409357023785
765,-0.17469441512982542,51.50172757491358,78.95100766707145
766,-0.17470281820446537,51.50170195919172,68.8432299664311
767,-0.17470813515400524,51.50170618287227,77.49674798553787
768,-0.1747011637399687,51.50170531231282,76.43846821462327
769,-0.174670036974007,51.50166772178828,64.51426853614319
770,-0.17466535612165052,51.501663070460424,57.52659584619731
771,-0.17469989104586198,51.50170913228722,72.69850881570514
772,-0.17465201712272815,51.501721413337,80.15721628535672
773,-0.17465376989317777,51.501710055356064,82.4800748079443
774,-0.17465283105636012,51.50171585215499,93.07013307660381
775,-0.17473267433001924,51.501736555686044,72.96506531494795
776,-0.17483904382912024,51.501683119355604,33.00180071847817
777,-0.17484329002473994,51.50168307993296,33.93655634397538
778,-0.17468434299738242,51.50167572712935,53.667084587440264
779,-0.1747255824517967,51.5017222381747,84.07796234987433
780,-0.1747397594894185,51.5017185609224,66.10961978711737
781,-0.17472380315398472,51.501731562313466,82.3060270928463
782,-0.17468305100486037,51.5016793190752,58.429614937514785
783,-0.17468313062603746,51.50164952309496,62.4989051536631
784,-0.1747111227337561,51.50164939576306,53.92761001906666
785,-0.1746909219259184,51.5016577530017,57.30408880588785
786,-0.1747005235848502,51.50166550592339,56.616528691671256
787,-0.17483562421566343,51.5016936864513,43.196640815967754
788,-0.17482992579648424,51.501708864913,43.544540082710924
789,-0.17482469878165724,51.50160894809689,46.67821244701686
790,-0.17482832461138623,51.50161000394144,47.654060953878435
791,-0.17482542260946868,51.50161319499939,52.75625636107719
792,-0.17482245716805686,51.501622347561494,48.169430259071376
793,-0.1747991729252928,51.501617187874444,43.084010363886605
794,-0.17480798537797157,51.501632103172646,47.18129307788753
795,-0.1747618540617948,51.50163369122141,51.17795868937975
796,-0.17474351811085892,51.50163279953473,61.87947147645506
797,-0.17476012541511807,51.50162272428564,46.96094160986664
798,-0.17475061928589347,51.50162226199785,52.509057848324716
799,-0.17474997432446174,51.501644049533894,53.60446670660636
800,-0.17475825285751304,51.50164445212302,48.772821704446045
801,-0.17483272637565603,51.501611026546584,52.567776101040316
802,-0.17473502345719832,51.501672507395874,42.122387295269704
803,-0.17471523440371245,51.50167150935669,44.399638621981836
804,-0.1747366353051413,51.50166056696346,47.47910059497859
805,-0.17476346781344002,51.50167300486545,40.40352002088068
806,-0.1747567960141413,51.501671216384,40.16461233363077
807,-0.17476375532473462,51.50166922334533,43.43973417708732
808,-0.17476155890443898,51.501708115564014,60.64016362244214
809,-0.1747603594578075,51.50172507943854,69.27216672381675
810,-0.17472940197256312,51.50168070271963,50.115490786073
811,-0.1747137070155392,51.501673736069755,46.57140759934533
812,-0.17480259110905597,51.50167808133988,39.524498241763155
813,-0.17479927879913004,51.50167868809236,38.82949854377763
814,-0.17479351835361456,51.50165991126834,44.396349238508044
815,-0.1747859247006648,51.501661302281605,42.803023591153476
816,-0.17471321025367448,51.501649570714775,55.65354309239634
817,-0.1747122312077462,51.50165056663716,53.18854002878217
818,-0.17476873532944634,51.50173253991558,69.63874936556272
819,-0.174714906721253,51.50164948117268,53.60588616320382
820,-0.1747145195487668,51.50165050958276,52.42454709602491
821,-0.17483291621800578,51.501713498745346,49.25326621869323
822,-0.1747105503595136,51.50167162614221,45.96346804023422
823,-0.17475272859403856,51.501647848705055,53.53127722812991
824,-0.17475996890042989,51.50164986425939,52.485906461767016
825,-0.17483914872283624,51.50160456687474,35.58598216024218
826,-0.174835080294348,51.5015911881713,25.346563614463825
827,-0.17484730022691447,51.50159714704699,30.02679379556561
828,-0.17482725282133263,51.501598313051375,30.684767715745803
829,-0.17471428870171196,51.50164862869077,53.62230887507774
830,-0.17473924189835677,51.50167840087791,41.98828278467931
831,-0.1747125922870544,51.5017009722497,62.267490895503244
832,-0.17470882117952619,51.50171130756992,75.70589665685388
833,-0.17471786425961175,51.501708961969165,64.2444626925669
834,-0.17478682388551836,51.501620957203684,45.7399087879317
835,-0.17479312579294917,51.50163663880166,50.37713159754311
836,-0.1747746137264554,51.50163094395517,51.47357309529781
837,-0.17477931385348494,51.501642023975535,48.29092336884047
838,-0.17474564376510915,51.50173856051934,59.454534213833014
839,-0.1747313240299192,51.50163065278508,59.963059941112434
840,-0.17478876180555492,51.501614146644954,35.61419415055394
841,-0.1747981292755752,51.50161106446562,34.32036518791202
842,-0.17478094247794382,51.50159773888374,31.78455945062298
843,-0.17478970779718903,51.5015948548298,30.573898798647598
844,-0.17475100312437689,51.50165243191936,48.26652004950586
845,-0.17475576149827451,51.50161935116261,40.402127912370396
846,-0.17471892504690947,51.501630505844425,61.41152164833995
847,-0.1747126340867203,51.50164860908171,53.815602592561774
848,-0.17469399570849137,51.501632460513456,65.52292896659839
849,-0.17484176516511502,51.50158110071677,24.33381040367312
850,-0.1748035622318302,51.501679336564,39.625894640913636
851,-0.17482315492118986,51.50165916674953,45.009754878187394
852,-0.17465189321693683,51.50169612197893,80.71472053851767
853,-0.17467710084270632,51.50169571722779,72.93989701335917
854,-0.17471519017920345,51.50170466118382,65.86663698679811
855,-0.17470964386425591,51.50167414634856,49.30498784538119
856,-0.1747152559016034,51.50168646316006,55.866167554980734
857,-0.17469826130065538,51.50168817919738,67.29968012316843
858,-0.1746526712380491,51.50173050425987,81.31394023388594
859,-0.17468198331150786,51.501728975479416,75.1314052497341
860,-0.17474424299402738,51.50169057623144,44.88842833655288
861,-0.17473501119690615,51.501692735814224,52.51335548094757
862,-0.17474725786723525,51.501695879315974,51.36551768035116
863,-0.17476343988602888,51.50168425648952,41.59473562721945
864,-0.17480055622783086,51.501634080711725,52.79147013067413
865,-0.17479299893923356,51.50161883130592,47.746342425243604
866,-0.1748443978888385,51.501588733072744,23.620437665173164
867,-0.17473874030311665,51.50169803103695,57.67969406855249
868,-0.17474257877331692,51.50170420453201,55.35116906858717
869,-0.17482744233821212,51.501715381058865,52.65760811204808
870,-0.17482219215349776,51.50171669506513,52.72043859752047
871,-0.1748246367732112,51.50171250986736,49.87618221686026
872,-0.17481430672195847,51.5016911739848,40.39737528078902
873,-0.17483329767883715,51.501728793448684,66.00733709150116
874,-0.17476354927192547,51.50170923544179,61.32967000354938
875,-0.17474780742799254,51.50173977790128,60.20407352597411
876,-0.17476641015792677,51.50172848385597,71.36825937511917
877,-0.1747838356676184,51.50172842469787,68.53136093989804
878,-0.17479901166517944,51.50172820446456,69.52198184259383
879,-0.1747873752413993,51.501734599171726,65.89855564401512
880,-0.17478135271544396,51.50167257855275,42.05547099501767
881,-0.17478937309018208,51.50171199223396,52.82432858177346
882,-0.17479218322250065,51.50171195145346,53.00776145359124
883,-0.17477382051934354,51.501682244574184,42.25352512430366
884,-0.17481804265531398,51.501595631042534,28.205961453092577
885,-0.1748327289873922,51.50161494354001,60.89488227529794
886,-0.17480815024533417,51.50160032504776,28.205167091071907
887,-0.17481269097049484,51.50173812534389,79.87281918525335
888,-0.17475873302626446,51.501673922534856,40.103034631601396
889,-0.17481585873533093,51.50167119752494,47.54741764476587
890,-0.17470371076841087,51.50159359458704,52.17545942414633
891,-0.17473202034075963,51.50160546898226,38.475253155681
892,-0.17474743259586564,51.501603911061544,35.452751087132995
893,-0.17473397505470156,51.50161389619068,44.97142660153178
894,-0.17475074401021165,51.501616118339314,38.27427710852729
895,-0.17472459829848888,51.501592124775016,46.40704277768219
896,-0.1747304353609714,51.501595358338996,39.61705565315142
897,-0.17471237919541047,51.50161681619344,54.80201310420341
898,-0.1747245976368925,51.50162637238491,50.60684341781195
899,-0.17470669935092814,51.50162095493862,65.6205093244298
900,-0.17472963473094028,51.50161685874252,52.18831055457542
901,-0.174670507081739,51.50158406256357,62.704945762587485
902,-0.17473386031890698,51.50161954773341,58.06598117127754
903,-0.17468391350165433,51.50162913889034,60.522059071061
904,-0.17469728881855054,51.501617854601896,60.95279560314417
905,-0.17469210872359386,51.501596812476585,53.34953601342859
906,-0.1746766989040788,51.501608508743494,56.428119287872875
907,-0.17468366903563268,51.50161106818452,55.43459310708851
908,-0.1747840913418859,51.501593054409,30.965503543727127
909,-0.1746739736243247,51.50161170655131,57.9982689697369
910,-0.17467898508640978,51.501613888341396,58.70870789052323
911,-0.17466512736820858,51.50162636440541,65.63899165115751
912,-0.17466547301935895,51.5016265148881,65.68799211843243
913,-0.17466496150759545,51.50162655839595,65.81497548990035
914,-0.17480514070884084,51.5015900304739,31.032241744084857
915,-0.17481009881471563,51.50156067097385,29.26947184119014
916,-0.17480773895382298,51.50156975700488,30.661128233104613
917,-0.17473569380189333,51.50159165278587,38.24108647579271
918,-0.17475388147244275,51.50159936662293,33.765282063479404
919,-0.1747747279721881,51.50159446817579,31.66741488620504
920,-0.17477873155459883,51.50159112688631,31.96272038198886
921,-0.174787839507087,51.50158906893614,30.133508012945466
922,-0.17470844226229562,51.50159671878385,49.540491511804305
923,-0.17475434896854994,51.501584209394956,39.229921407226215
924,-0.17227696400234344,51.500870913498304,0.04816269825124419
925,-0.17231418615436808,51.50069488011361,0.04016605167524584
926,-0.17226146327849678,51.50072978434256,0.03870019747113643
927,-0.1723356132201903,51.50070234976307,0.03913579680498086
928,-0.17227726799889506,51.50074097617591,0.0375136244271535
929,-0.17226875535829073,51.500763493469144,0.03766856777082785
930,-0.1722579317890609,51.50074512575653,0.038338011627455267
931,-0.17222966815475102,51.50074859618437,0.03743101794910215
932,-0.1722066849815518,51.50072775096557,0.03370299877555315
933,-0.17442270538923968,51.498859079455926,18.048087807887683
934,-0.17441138281326565,51.49885094470366,28.956803199663803
935,-0.1744272360034531,51.498850905418976,17.998796872115285
936,-0.17445990361417046,51.49889121411925,9.964149492439565
937,-0.17446665813864984,51.49890222925022,7.764148548325014
938,-0.1744514094664974,51.49889538406304,10.52100838569319
939,-0.17445837970662156,51.49890629329477,8.306865474328598
940,-0.17437584820201474,51.49893149920525,40.88670504167074
941,-0.17439280050645337,51.49892263637418,28.821404328222084
942,-0.1743830277252543,51.49893811063986,35.08981519652365
943,-0.1744011763270585,51.49893034944505,22.058601409910295
944,-0.1744091560169403,51.498922187100845,19.210829323498697
945,-0.1743796719406841,51.498915882257286,41.09675631077965
946,-0.1744022991821511,51.49891643524786,21.56707495685424
947,-0.17438721527218023,51.4989109576613,35.33576292924118
948,-0.17442242619758644,51.498840768252926,21.758474198692902
949,-0.17443427542457887,51.49884089051938,15.415449681079519
950,-0.17443698607957786,51.49889756316519,16.17363027495997
951,-0.1744296574821433,51.49890987062434,13.479465443439645
952,-0.17442665236804827,51.49889764288367,16.646743751475
953,-0.1744384972398304,51.4989098024307,13.074750509921223
954,-0.17441801338980606,51.49883089195411,23.25959743552942
955,-0.17439935184675812,51.49882590626587,30.849895015966517
956,-0.17441994136985126,51.49882099522559,20.943752968584345
957,-0.17440060865080395,51.498819454838824,29.340254518342828
958,-0.17443589537756632,51.49897196341171,13.73964486917563
959,-0.17442799835787715,51.49896535682724,12.664706116914505
960,-0.17444308845753811,51.49895734626021,10.872887440991459
961,-0.1744452911921701,51.4989591890504,11.172722682503391
962,-0.17445996522004148,51.49896808060356,12.966535105128898
963,-0.17445391504554666,51.49880326512599,5.151215207468279
964,-0.17446314172412172,51.49881058744893,4.880638190302802
965,-0.1744552744874057,51.498812099378924,5.1855386882682275
966,-0.17446046572921503,51.498793701872565,4.638497803781654
967,-0.17447127678303745,51.498788399896405,3.930501213020494
968,-0.17447219447294487,51.4987973714613,4.172085760018782
969,-0.17442668891806362,51.49895369062009,12.706468489696496
970,-0.1743893201463523,51.498900888258774,34.828809657694066
971,-0.17437739765098975,51.498907916544816,47.033068904145246
972,-0.17449768307245814,51.498848723367395,5.330729012917153
973,-0.17449352992737696,51.49885503061446,5.608634036052942
974,-0.17447946747473467,51.4988452340572,5.200281322821191
975,-0.17447725530509614,51.49885191311004,5.492086303356093
976,-0.17438936500708183,51.498889524124145,33.13213186687434
977,-0.17438984413291378,51.49889980824191,34.320681852121396
978,-0.17437712001273756,51.49889496465219,47.79762359450944
979,-0.17444662977417422,51.498824764382285,7.576937178327956
980,-0.17445098181773466,51.498825236472044,7.152362185346641
981,-0.17446238570553727,51.49883712434113,6.986279771762078
982,-0.17444380847007013,51.49883510916888,8.798630111102854
983,-0.1743879216019543,51.498825433126115,39.217805515348914
984,-0.1743946644165314,51.498821903135564,31.270192192937827
985,-0.17447397923341276,51.498932764117264,7.274845082521686
986,-0.17447998404239193,51.4989336041573,7.13059433615085
987,-0.17447738141961974,51.49893749604311,7.703490884911934
988,-0.1743761267265784,51.498787809728626,32.17795847081199
989,-0.17438536750901681,51.49878373390208,24.929549551511833
990,-0.17442334031528983,51.498811607629385,16.73077577102145
991,-0.17441189080786196,51.49880955402834,19.87850198324366
992,-0.17441870649359778,51.49879677664014,19.629334452856433
993,-0.17449703798061475,51.498973526114845,11.702076204644825
994,-0.1745113057159876,51.49897584804004,11.285371137037888
995,-0.1745005303397861,51.49897859651571,11.483952039081974
996,-0.17437760847473052,51.498849728504844,37.65499655782537
997,-0.1743779369003801,51.49885557275839,39.05096856186866
998,-0.1743624866879859,51.49885355383198,57.3875738142124
999,-0.174410548429615,51.498880416959956,28.873509678425926
1000,-0.17443055547981856,51.498878787930856,16.70241555920821
1001,-0.17442622732163468,51.49889071223133,17.410751178429322
1002,-0.1744389118593427,51.49887446625473,15.397538304533906
1003,-0.17442927095030109,51.498868578523364,17.5301325658336
1004,-0.17438047998511305,51.498799298102554,31.323728476655052
1005,-0.17436741240702053,51.498794853450434,35.05966998472637
1006,-0.1744422456132735,51.49881020755154,9.94815529587206
1007,-0.17444865486321567,51.49879466561196,6.264251138958331
1008,-0.1744343246554269,51.498797258111125,11.624202507091226
1009,-0.17443051958987807,51.498932418897226,12.744745024656325
1010,-0.17444598657781427,51.49892887028921,10.148796308772695
1011,-0.17444767402863504,51.49893822661119,9.426738019767399
1012,-0.17443903411576997,51.49894881540067,10.796177870000566
1013,-0.17445426110171008,51.498947388239166,10.25665229469826
1014,-0.17445673174876114,51.49892733181435,7.793940731071604
1015,-0.17445614916974853,51.49893459508035,8.02281408754061
1016,-0.17443661274190256,51.49891836614851,13.090407969670142
1017,-0.17448026615857692,51.498966565815046,11.847221607513994
1018,-0.1744704858540914,51.49896136861399,11.825602025760299
1019,-0.1744630480757732,51.49895612801032,10.706511397520655
1020,-0.1744758954925363,51.49888641903507,7.605250792346572
1021,-0.17443544719314713,51.49878771747492,10.206957586375925
1022,-0.17444554548380645,51.498786893478815,6.649452329805398
1023,-0.17452512036174977,51.49893710386274,8.897343562821801
1024,-0.17453323259453682,51.498935528248836,8.487167425567913
1025,-0.17442041189492669,51.498785189402106,14.96440258548755
1026,-0.17448236325124553,51.49892987506978,6.756177431945085
1027,-0.17440741009103086,51.4988607497609,29.29411022626334
1028,-0.1744200051397873,51.498795362650064,18.59786004619322
1029,-0.17441742181697076,51.498794168906535,20.473361497814082
1030,-0.17442096246083266,51.49879382953188,18.580544879614642
1031,-0.1743638117061893,51.498889344974636,47.865255278887716
1032,-0.17435130162786833,51.498883743519286,65.53756402364742
1033,-0.17436333276693053,51.498880731693255,51.43635216568079
1034,-0.17436361911302584,51.498968932791534,56.652085199350566
1035,-0.17435722780817164,51.49897041224432,67.982948309639
1036,-0.1743608800335338,51.498963990589935,58.80914337499412
1037,-0.17438970469522608,51.49881722931897,37.28627564372785
1038,-0.17446721896226564,51.49884358791573,6.259146564339053
1039,-0.17444583283473553,51.49895708904136,10.775648145484611
1040,-0.17443126662474023,51.49883102870826,16.164990133099053
1041,-0.17442772329160322,51.498915012770155,14.57019595265166
1042,-0.17440447558496466,51.498837708026194,27.46762948165923
1043,-0.17439988275321025,51.49889292843923,29.978000153499316
1044,-0.1744046132521972,51.49890289174225,24.411804277148274
1045,-0.1743905102211364,51.49889997254942,34.114185259730995
1046,-0.17437059701792704,51.49884348669922,42.34228482526116
1047,-0.17448658467958744,51.49893685901406,7.63636609868068
1048,-0.17450871043237715,51.49878173935132,3.494720419932075
1049,-0.17451848295381348,51.498786603606796,3.642317995623543
1050,-0.17450707798156154,51.49879087294883,4.029002681275172
1051,-0.17449874560443346,51.49884332472972,5.236369027988272
1052,-0.17447550442084875,51.49883887273666,5.0699314964788265
1053,-0.1744243959712978,51.498939923797494,13.715348003708907
1054,-0.17446486465992342,51.49878531707825,3.9901874985673693
1055,-0.1744606586876849,51.49894086714056,8.590974303016552
1056,-0.17448096596802787,51.498865077566784,6.0585700398195454
1057,-0.1743636760667342,51.49889997402089,47.202487959354286
1058,-0.17434532793152277,51.49889415417634,53.51240565255851
1059,-0.17441791507941126,51.49889822150655,20.14726302340889
1060,-0.1744144629254174,51.498890950638355,24.20927727184383
1061,-0.1744856303580155,51.4988944659355,5.733624247263137
1062,-0.17434979511959592,51.49890694163415,63.20442538014418
1063,-0.17436104736827535,51.49883088665792,48.24227945902736
1064,-0.17437059856979467,51.49882943130289,39.13843105385027
1065,-0.17436159470954185,51.49884485841676,50.92294618168828
1066,-0.17444995770927485,51.49884171549624,7.943112560339477
1067,-0.17435182441166924,51.498964990381666,71.3456749267156
1068,-0.17437993604716828,51.49897744662379,53.98076454844177
1069,-0.17438801319150815,51.49897557693304,39.66115132164505
1070,-0.1743915612601698,51.49879090545586,22.829891215945615
1071,-0.17440422730649052,51.498786740712255,23.616631992648372
1072,-0.1744095922477743,51.498872817225426,29.489650176100245
1073,-0.17440106140965145,51.49887396492815,37.32094812191659
1074,-0.17439715016993776,51.49886213008721,38.71270640492514
1075,-0.1743637274462237,51.4988051964396,39.19109486325257
1076,-0.17436308523643126,51.498812901603756,46.341075711613854
1077,-0.17434386903152843,51.49880563315201,35.9974230398721
1078,-0.1743432437357421,51.49881313534464,42.959057258662945
1079,-0.1743953236608978,51.49887786071621,43.565689645791785
1080,-0.17437741928489953,51.49886566513287,58.166722385259526
1081,-0.17437603970238957,51.498866601834585,59.66820593264249
1082,-0.1743450252455034,51.498786963790096,41.52269976717494
1083,-0.17440176651632297,51.49888059492556,33.94849005271401
1084,-0.1744054508501342,51.49887708221725,29.827746605777854
1085,-0.17439623313194674,51.49880661974535,31.137752000698285
1086,-0.17440150797157847,51.49894992176009,20.069342163083675
1087,-0.17441152131356022,51.49896172637554,17.144207164402133
1088,-0.17439566894406017,51.49896309665276,24.597478757427808
1089,-0.17441925191086716,51.49896999067053,15.223741698055985
1090,-0.17445435862118003,51.49897837435203,13.668113163528993
1091,-0.17435151281572187,51.49879545286907,35.10383751120433
1092,-0.1743605795194937,51.49878812432095,32.10559799731797
1093,-0.17436852664907834,51.49891236939148,57.259548393600014
1094,-0.17435023404810523,51.49891652229728,68.38422117558625
1095,-0.17434081766861817,51.49885285606949,52.263536519457475
1096,-0.17439687924747121,51.49885730912511,37.561160165993435
1097,-0.17440885567800668,51.49885011903843,30.9406856772938
1098,-0.17442234707955614,51.49893391367655,13.504643472876582
1099,-0.17434510403320697,51.498922479717024,67.9135284329464
1100,-0.17434019944842455,51.4988468293477,47.782955586920394
1101,-0.17438569984684543,51.498965190716156,43.61206773280844
1102,-0.17441370673818846,51.49893597223904,16.889286156140123
1103,-0.17442077446423648,51.498928742731756,14.366973148609691
1104,-0.17437310343395793,51.498817906731475,36.42505001924194
1105,-0.1743748713230645,51.498865332183136,61.19069106711102
1106,-0.17442488363428393,51.498976888044375,15.504005978472577
1107,-0.17442634439479215,51.49897117896237,13.681060991641909
1108,-0.17435955518192467,51.498870857303174,48.979238061920995
1109,-0.17434843325624844,51.49887364152072,62.01480028428941
1110,-0.17435247119121794,51.498863159285754,58.21020875966614
1111,-0.1743605124419527,51.498822984553684,48.25431762752176
1112,-0.17439536660644747,51.498974032308325,25.635595386909557
1113,-0.1743471420717078,51.498825261481315,47.36735453389778
1114,-0.1743489357344286,51.49897281629696,70.74347741265143
1115,-0.1743737435653393,51.49880860320425,36.32754750706434
1116,-0.1743807429480001,51.4988847427835,49.87777892115767
1117,-0.1743783884188451,51.498885788915686,52.69773383312554
1118,-0.1743782719387046,51.49888369413981,53.56623531711382
1119,-0.17439092264202907,51.49880553586303,35.007657403090604
1120,-0.17439440125479627,51.49880290125942,32.341288434262886
1121,-0.17437425938643794,51.49887536281742,51.67009831309372
1122,-0.17434777526093923,51.49883461519675,47.353104962061465
1123,-0.17446942106189603,51.49885909210082,6.277359554226547
1124,-0.17443998101085206,51.49884872085937,14.877673392419313
1125,-0.17444849678898286,51.49882130615692,7.1256351694948465
1126,-0.1744431714688338,51.49882170053696,9.036190496929763
1127,-0.17440093519882124,51.4989451970641,20.261232229972485
1128,-0.17440652529988115,51.498947263593806,18.60137188954302
1129,-0.1744934684011024,51.498812484677764,5.00783091688953
1130,-0.17448023109160754,51.498793063602264,4.2932561293459885
1131,-0.17447508290839472,51.49878448329123,3.8257155881800378
1132,-0.17447694136497455,51.498976005978065,14.0908095858576
1133,-0.1744052454281802,51.49879606473079,24.24448917262599
1134,-0.17442218335111467,51.49891036559529,16.47391073985411
1135,-0.17441046363746765,51.49884900744389,29.67529505284029
1136,-0.17446667195605303,51.4988271383657,4.897751068303196
1137,-0.17434405780498433,51.49893464796463,66.99818085176838
1138,-0.1743535656459983,51.49892647392326,68.46050043773494
1139,-0.17440467538182428,51.49896694989478,19.849062330899432
1140,-0.17452089622540548,51.49881984963293,6.1249675249417646
1141,-0.174535582751933,51.498822461646355,6.236030715881806
1142,-0.17448241016668223,51.49881235938784,4.723548208571852
1143,-0.17449146734463247,51.4988231084353,4.721061734140525
1144,-0.17450085504272256,51.4988218315656,4.6971601864527335
1145,-0.17437074230217572,51.49895269426287,54.61505873280662
1146,-0.1743810069597969,51.49895672320909,47.30777029179348
1147,-0.17435994748874215,51.49894536121757,61.180454793809936
1148,-0.1743428495315831,51.498951188534626,67.2360993688863
1149,-0.17436660002738447,51.498936016480094,58.39594031345847
1150,-0.17437392401880702,51.498942435882164,50.47743389257475
1151,-0.1743562062866901,51.49894208209216,65.22534437575396
1152,-0.1745320222398629,51.49883020061736,5.966601288671856
1153,-0.17446247775086768,51.498820504825495,4.852641517999914
1154,-0.17450740302564433,51.498891931267394,5.623629312828596
1155,-0.1745161529568531,51.49890357603183,4.580731179490314
1156,-0.17450098510509043,51.49890264037466,5.524335640627063
1157,-0.17451982580153258,51.498886272176044,5.324584836931477
1158,-0.17453212826652895,51.4988962986131,4.19616918631232
1159,-0.17434044965532086,51.498949085066876,69.83078314038632
1160,-0.17452367567072308,51.4988765786415,4.633078206288943
1161,-0.17446584555183955,51.498910583049884,7.757489102431892
1162,-0.1744653739862532,51.498906305066754,7.935495682985957
1163,-0.1745189679718914,51.498837763672135,5.545638224507683
1164,-0.1745367189024798,51.498861399157455,5.475658483576583
1165,-0.174513947385084,51.49886802949788,5.301824627555069
1166,-0.17452241822169792,51.49878062081978,3.528481872000377
1167,-0.17453890131331345,51.4988284742991,5.785940715346144
1168,-0.17450835553991018,51.49884266514047,5.228201789569451
1169,-0.1743861822463344,51.498836454458925,43.782586362625835
1170,-0.17438637376752095,51.49883636458533,43.76379904120306
1171,-0.17438634733460415,51.498836534057084,43.80606293260511
1172,-0.17442966344508284,51.49880472288868,11.708510331050002
1173,-0.17439457537860276,51.49884455211317,35.25863980457598
1174,-0.1743861720970348,51.49883660890395,43.81581270351706
1175,-0.17435043943767936,51.498968653354424,71.43801760352841
1176,-0.17445768676797144,51.49885232284052,7.21461560706517
1177,-0.1744515277332552,51.49885883581301,9.923086118122075
1178,-0.17446120895718514,51.4988638550541,9.7396155250289
1179,-0.17444974761907456,51.49886705499455,10.598706365186127
1180,-0.17447852143253212,51.49891893340606,6.4396294284619415
1181,-0.1744696294872819,51.49892288738602,6.9960369035804835
1182,-0.17448594817226004,51.498907912041005,5.99312364676395
1183,-0.17448603708218177,51.49890871861726,5.959562064167562
1184,-0.17448619028763748,51.498907143581434,5.960817644397752
1185,-0.17448761954904382,51.49890790448033,5.941336496869533
1186,-0.17439601574669686,51.498947534335365,28.57637937355311
1187,-0.17448266995872316,51.4988305649065,4.6125082786069616
1188,-0.17446926993918943,51.498824126226246,4.731904799913941
1189,-0.17436464219464168,51.498921063578976,47.48966865930326
1190,-0.17437443023176355,51.49893685791779,49.537968283058234
1191,-0.1745024589611005,51.49891794578032,5.3045532215261195
1192,-0.1745072535117299,51.498915479111325,5.249333483016506
1193,-0.1744495632517782,51.49888689030219,10.472231638409191
1194,-0.17444322142939955,51.4988901701082,11.462528769327953
1195,-0.17445806104483455,51.4988789615719,8.481560956882866
1196,-0.17449564013079155,51.498885669030294,5.78396019545241
1197,-0.17449253538849238,51.4988756310017,5.612916457593288
1198,-0.17450697179991104,51.49887866141523,5.3725805181700395
1199,-0.1744967094476655,51.49886838235536,5.796474085991253
1200,-0.1745170036387209,51.49893888483282,9.066185796373233
1201,-0.17450190581650954,51.49894592437664,9.924470774284618
1202,-0.1744908478012942,51.49894920216223,10.464748389006765
1203,-0.17447235460908234,51.49887497088966,7.410179273665026
1204,-0.17451028684009096,51.498852657816805,5.0855668786588755
1205,-0.17447206778235214,51.498974494916084,14.237683424312484
1206,-0.17443962873492963,51.498860875363164,12.837030010023835
1207,-0.17446950694619892,51.49897701512033,14.345914094191823
1208,-0.1744739645982238,51.49895037077944,10.587887482044037
1209,-0.17448083450585883,51.498955211264814,11.621536056815192
1210,-0.1744898680884358,51.49896001166122,11.641504993470518
1211,-0.17451568198291578,51.49895468145416,11.11260838641508
1212,-0.17451509687592662,51.498961137173275,11.81539858366579
1213,-0.17450823522632228,51.49891912409523,5.427875363049944
1214,-0.1745134431124893,51.49891692513849,5.333015783448603
1215,-0.17452770823854474,51.498924683568994,5.577035829554534
1216,-0.17453777429225864,51.498908627249925,4.873047823415551
1217,-0.17452233916889695,51.49893356125508,8.35272149725551
1218,-0.17447625304367453,51.49881757803039,4.647573701169906
1219,-0.1745396319675077,51.49897009925816,10.76859108006572
1220,-0.1745281207634062,51.49897397946947,10.778628258698191
1221,-0.17452455772691813,51.49896267682721,11.539083856004972
1222,-0.1745282025696582,51.498957051483664,10.989786792034206
1223,-0.17445483259751005,51.49888936332482,10.140314415641278
1224,-0.17446714930165386,51.49888322689492,7.9090896775760555
1225,-0.174506736228604,51.49888524499539,5.730658657404621
1226,-0.1744916795793392,51.498931775532164,6.955079192780805
1227,-0.17452146287084838,51.498958896208244,11.294710380264469
1228,-0.17452417360699948,51.49895281822411,10.935967607999189
1229,-0.17442643292094107,51.498948154899836,12.293779996315003
1230,-0.17445674568936267,51.49891371876984,8.320441829196476
1231,-0.17451516660839056,51.4987812125389,3.4200070297975484
